Name EN,Name CN
'89 Dennou Kyuusei Uranai (Japan),89电脑占星术
10-Yard Fight (Japan),十码大战
10-Yard Fight (Japan) (Rev 1),十码大战
"10-Yard Fight (USA, Europe)",十码大战
100 Man Dollar Kid - Maboroshi no Teiou Hen (Japan),百万小子-幻之帝王篇
"1942 (Japan, USA) (En)",1942
1943 - The Battle of Midway (USA),1943-中途岛战役
1943 - The Battle of Valhalla (Japan),1943-中途岛战役
"1999 - Hore, Mitakotoka! Seikimatsu (Japan)",99强手棋
2010 Street Fighter (Japan),街头战士2010
3-D WorldRunner (USA),3D世界赛跑者
4 Nin Uchi Mahjong (Japan),四人麻将
4 Nin Uchi Mahjong (Japan) (Rev 1),四人麻将
720 Degrees (USA),720度转角
8 Eyes (Japan),八眼传说
8 Eyes (USA),八眼传说
A Ressha de Ikou (Japan),铁路A计划
ASO - Armored Scrum Object (Japan) (En),阿尔法任务-装甲争夺战
Aa Yakyuu Jinsei Icchokusen (Japan),野球人生
Abadox (Japan),阿贝道之战
Abadox - The Deadly Inner War (USA),阿巴多克斯-致命的内部战争
Abarenbou Tengu (Japan),暴坊天狗
Aces - Iron Eagle III (Japan),铁鹰战士3
Action in New York (Europe),最终任务
"Addams Family, The (Europe) (En,Fr,De)",阿达一族
"Addams Family, The (USA)",阿达一族
"Addams Family, The - Pugsley's Scavenger Hunt (Europe)",阿达一族2
"Addams Family, The - Pugsley's Scavenger Hunt (USA)",阿达一族2
Advanced Dungeons & Dragons - DragonStrike (USA),高级地下城与龙-龙击
Advanced Dungeons & Dragons - Dragons of Flame (Japan),高级地下城与龙-龙之火焰
Advanced Dungeons & Dragons - Heroes of the Lance (Japan),高级地下城与龙-长枪英雄
Advanced Dungeons & Dragons - Heroes of the Lance (USA),高级地下城与龙-长枪英雄
Advanced Dungeons & Dragons - Hillsfar (Japan),高级地下城与龙-远山
Advanced Dungeons & Dragons - Hillsfar (USA),高级地下城与龙-远山
Advanced Dungeons & Dragons - Pool of Radiance (Japan),高级地下城与龙-光芒之池
Advanced Dungeons & Dragons - Pool of Radiance (USA),高级地下城与龙-光芒之池
Adventure Island (USA),冒险岛
Adventure Island 3 (USA),冒险岛3
Adventure Island Classic (Europe),冒险岛
Adventure Island II (USA),冒险岛2
"Adventure Island Part II, The (Europe)",冒险岛2
Adventures in the Magic Kingdom (Europe),魔法王国大冒险
Adventures in the Magic Kingdom (USA),魔法王国大冒险
"Adventures of Bayou Billy, The (Europe)",鳄鱼先生
"Adventures of Bayou Billy, The (USA)",鳄鱼先生
"Adventures of Bayou Billy, The (USA) (Virtual Console)",鳄鱼先生
Adventures of Dino Riki (USA),新人类
"Adventures of Gilligan's Island, The (USA)",梦幻岛大冒险
Adventures of Lolo (Europe),蛋王子大冒险
Adventures of Lolo (Europe) (Virtual Console),蛋王子大冒险
Adventures of Lolo (Japan),蛋王子大冒险
Adventures of Lolo (USA),蛋王子大冒险
Adventures of Lolo (USA) (Virtual Console),蛋王子大冒险
Adventures of Lolo 2 (Europe),蛋王子大冒险2
Adventures of Lolo 2 (Europe) (Virtual Console),蛋王子大冒险2
Adventures of Lolo 2 (USA),蛋王子大冒险2
Adventures of Lolo 2 (USA) (Virtual Console),蛋王子大冒险2
Adventures of Lolo 3 (Europe),蛋王子大冒险3
Adventures of Lolo 3 (USA),蛋王子大冒险3
Adventures of Lolo II (Japan),罗罗大冒险2
"Adventures of Rad Gravity, The (Europe)",重力大冒险
"Adventures of Rad Gravity, The (USA)",重力大冒险
"Adventures of Rocky and Bullwinkle and Friends, The (USA)",波波鹿与飞天鼠
Adventures of Tom Sawyer (USA),汤姆索亚历险记
After Burner (Japan),冲破火网
Ai Sensei no Oshiete - Watashi no Hoshi (Japan),爱先生-占卜之星
Aigina no Yogen - Balubalouk no Densetsu Yori (Japan),巴鲁巴矿工传说
Air Fortress (Europe),空中要塞
Air Fortress (Japan),空中要塞
Air Fortress (USA),空中要塞
Airwolf (Europe) (Acclaim),飞狼
Airwolf (Japan) (Kyugo),飞狼
Airwolf (USA) (Acclaim),飞狼
Akagawa Jirou no Yuurei Ressha (Japan),赤川次郎之幽灵列车
Akira (Japan),阿基拉
Akuma no Shoutaijou (Japan),恶魔招待状
Akuma-kun - Makai no Wana (Japan),恶魔君-魔界的圈套
Akumajou Densetsu (Japan),恶魔城3-德古拉的诅咒
Akumajou Densetsu (Japan) (Virtual Console),恶魔城3-德古拉的诅咒
Akumajou Densetsu (World) (Ja) (Castlevania Anniversary Collection),恶魔城3-德古拉的诅咒
Akumajou Dracula (Japan),恶魔城
Akumajou Dracula (World) (Ja) (Castlevania Anniversary Collection),恶魔城
Akumajou Special - Boku Dracula-kun (Japan),恶魔城外传-少年德古拉
Akumajou Special - Boku Dracula-kun (World) (Ja) (Castlevania Anniversary Collection),恶魔城外传-少年德古拉
Al Unser Jr. Turbo Racing (USA),涡轮大赛车
Aladdin (Europe),阿拉丁
Alex DeMeo's Race America (USA),美国赛车
Alfred Chicken (Europe),神鸡艾烈佛
Alfred Chicken (USA),神鸡艾烈佛
Alien 3 (Europe),异形3
Alien 3 (USA),异形3
Alien Syndrome (Japan),异形风暴
All-Pro Basketball (USA),全美职业篮球赛
Alpha Mission (Europe),阿尔法任务-装甲争夺战
Alpha Mission (USA),阿尔法任务-装甲争夺战
Amagon (USA),荒岛落难记
America Daitouryou Senkyo (Japan),美国总统大选
America Oudan Ultra Quiz - Shijou Saidai no Tatakai (Japan),美国横断问答-史上最大之争战
America Oudan Ultra Quiz - Shijou Saidai no Tatakai (Japan) (Rev 1),美国横断问答-史上最大之争战
American Dream (Japan),美国之梦
American Football - Touchdown Fever (Japan),美式橄榄球
American Gladiators (USA),美国斗士
Ankoku Shinwa - Yamato Takeru Densetsu (Japan),暗黑神话
Anticipation (Europe),机智问答
Anticipation (USA),机智问答
Aoki Ookami to Shiroki Mejika - Genchou Hishi (Japan),苍狼与白鹿-元朝秘史
Aoki Ookami to Shiroki Mejika - Genghis Khan (Japan),苍狼与白鹿-成吉思汗
Arabian Dream Scheherazade (Japan),阿拉伯之梦
Arch Rivals - A Basketbrawl! (Europe),劲敌-篮球大战！
Arch Rivals - A Basketbrawl! (USA),劲敌-篮球大战！
Archon (USA),巫术对奕
Arctic (Japan),北极星
Argos no Senshi - Hachamecha Daishingeki (Japan),未来战士
Argus (Japan),百眼巨神
Arkanoid (Japan) (En),打砖块
Arkanoid (USA),打砖块
Arkanoid II (Japan) (En),打砖块2
Arkista's Ring (USA),亚克斯塔的戒指
Armadillo (Japan),穿山甲小子
Artelius (Japan),亚特利斯号
Asmik-kun Land (Japan),阿斯米克君世界
"Asterix (Europe) (En,Fr,De,Es,It)",美丽新世界
Astro Fang - Super Machine (Japan),冲锋飞车-超级装置
Astro Robo Sasa (Japan),漂浮枪手
Astyanax (Europe),战王之王
Astyanax (USA),战王之王
Athena (Japan),雅典娜
Athena (USA),雅典娜
Athletic World (Europe),任天堂跳跳板-运动世界
Athletic World (USA),任天堂跳跳板-运动世界
Atlantis no Nazo (Japan),亚特兰提斯之谜
"Atlantis no Nazo (Japan) (Virtual Console, Switch Online)",亚特兰提斯之谜
Attack of the Killer Tomatoes (Europe),蕃茄杀手
Attack of the Killer Tomatoes (USA),蕃茄杀手
Aussie Rules Footy (Australia),澳洲制式足球
B-Wings (Japan),B计划
Babel no Tou (Japan),巴比伦塔
Babel no Tou (Japan) (En) (Namcot Collection),巴比伦塔
Babel no Tou (Japan) (En) (Rev 1) (Namcot Collection),巴比伦塔
Back to the Future (USA),回到未来
Back to the Future Part II & III (USA),回到未来2+3
Bad Dudes (USA),龙之忍者
Bad Dudes vs. Dragon Ninja (Europe),龙之忍者
Bad News Baseball (USA),坏消息棒球
Bad Street Brawler (USA),黑街斗争
Baken Hisshou Gaku - Gate In (Japan),马券必胜学
Bakushou! Star Monomane Shitennou (Japan),爆笑四天王
Bakushou!! Ai no Gekijou (Japan),爆笑爱之剧场
Bakushou!! Jinsei Gekijou (Japan),爆笑人生剧场
Bakushou!! Jinsei Gekijou 2 (Japan),爆笑人生剧场2
Bakushou!! Jinsei Gekijou 3 (Japan),爆笑人生剧场3
Ballblazer (Japan),滚球大战
Balloon Fight (Europe),气球大战
Balloon Fight (Europe) (Virtual Console),气球大战
Balloon Fight (Japan) (En),气球大战
Balloon Fight (USA),气球大战
Baltron (Japan),巴特隆战记
Banana (Japan),香蕉大战
Banana Prince (Germany),香蕉王子大冒险
Bananan Ouji no Daibouken (Japan),香蕉王子大冒险
Bandai Golf - Challenge Pebble Beach (USA),万岱高尔夫-圆石滩球场邀请赛
Bandit Kings of Ancient China (USA),水浒传-天命之誓
Barbie (Europe),芭比娃娃
Barbie (USA),芭比娃娃
Barbie (USA) (Rev 1),芭比娃娃
Barcode World (Japan),条码世界
"Bard's Tale II, The - The Destiny Knight (Japan)",冰城传奇2-命运骑士团
"Bard's Tale, The (Japan)",冰城传奇
"Bard's Tale, The (USA)",冰城传奇
Barker Bill's Trick Shooting (Europe),伯克比尔之戏法射击秀
Barker Bill's Trick Shooting (USA),伯克比尔之戏法射击秀
Baseball (Japan) (En),任天堂棒球
"Baseball (USA, Europe)",任天堂棒球
Baseball Fighter (Japan),棒球战士
Baseball Simulator 1.000 (USA),模拟棒球
Baseball Simulator 1.000 (USA) (Virtual Console),模拟棒球
Baseball Star - Mezase Sankanou!! (Japan),棒球之星-迈向三冠王！
Baseball Stars (USA),棒球之星
Baseball Stars II (USA),棒球之星2
Bases Loaded (USA),满垒王
Bases Loaded (USA) (Rev 1),满垒王
Bases Loaded (USA) (Rev 2),满垒王
Bases Loaded 3 (USA),满垒王3
Bases Loaded 4 (USA),满垒王4
Bases Loaded II - Second Season (USA),满垒王2
Batman (Japan),蝙蝠侠
Batman - Return of the Joker (Europe),蝙蝠侠2-小丑的复仇
Batman - Return of the Joker (USA),蝙蝠侠2-小丑的复仇
Batman - The Video Game (Europe),蝙蝠侠
Batman - The Video Game (USA),蝙蝠侠
Batman Returns (Europe),蝙蝠侠3-大显神威
Batman Returns (USA),蝙蝠侠3-大显神威
Batsu & Terry - Makyou no Tetsujin Race (Japan),魔境铁人
Battle Baseball (Japan),SD战斗棒球
Battle Chess (USA),决战西洋棋
Battle Fleet (Japan),海战舰队
Battle Formula (Japan),战斗方程式赛车
Battle Stadium - Senbatsu Pro Yakyuu (Japan),战斗野球-职业野球选拔赛
Battle Storm (Japan),战斗风暴
"Battle of Olympus, The (Europe)",奥林帕斯之战
"Battle of Olympus, The (USA)",奥林帕斯之战
BattleCity (Japan),战斗城市
"BattleCity (World) (Ja) (Namcot Collection, Namco Museum Archives Vol 2)",战斗城市
"Battleship (Europe) (En,Fr,De,Es)",海战风云
Battleship (USA),海战风云
Battletoads (Europe),战斗蛙
Battletoads (Japan),战斗蛙
Battletoads (USA),战斗蛙
Battletoads-Double Dragon (Europe),忍者蛙与双截龙
Battletoads-Double Dragon (USA),忍者蛙与双截龙
Be-Bop-Highschool - Koukousei Gokuraku Densetsu (Japan),高校生极乐传说
Beauty and the Beast (Europe),美女与野兽
Beetlejuice (USA),阴间大法师
Best Keiba - Derby Stallion (Japan),德贝赛马
Best Keiba - Derby Stallion (Japan) (Rev 1),德贝赛马
Best Play Pro Yakyuu '90 (Japan),最佳职业棒球'90
Best Play Pro Yakyuu (Japan),最佳职业棒球
Best Play Pro Yakyuu (Japan) (Rev 1),最佳职业棒球
Best Play Pro Yakyuu II (Japan),最佳职业棒球2
Best Play Pro Yakyuu Special (Japan),最佳职业棒球特别篇
Best Play Pro Yakyuu Special (Japan) (Rev 1),最佳职业棒球特别篇
Best of the Best - Championship Karate (Europe),精英份子-自由搏击冠军赛
Best of the Best - Championship Karate (USA),精英份子-自由搏击冠军赛
Bigfoot (Europe),大轮赛车
Bigfoot (USA),大轮赛车
Bikkuri Nekketsu Shin Kiroku! - Harukanaru Kin Medal (Japan),热血新记录
Bikkuriman World - Gekitou Sei Senshi (Japan),激斗圣战士
Bill & Ted's Excellent Video Game Adventure (USA),阿比阿弟的冒险
Bill Elliott's NASCAR Challenge (USA),比尔埃略特之云斯顿赛车锦标赛
Binary Land (Japan),企鹅世界
Bio Miracle Bokutte Upa (Japan),超级宝宝乌帕
Bio Senshi Dan - Increaser Tono Tatakai (Japan),生化战士DAN
Bionic Commando (Europe),希特勒复活
Bionic Commando (USA),希特勒复活
Bird Week (Japan),鸟的传说
"Black Bass II, The (Japan)",黑巴斯2
"Black Bass, The (Japan)",黑巴斯
"Black Bass, The (USA)",黑巴斯
Blades of Steel (Europe),钢刀曲棍球
Blades of Steel (Europe) (Virtual Console),钢刀曲棍球
Blades of Steel (USA),钢刀曲棍球
Blades of Steel (USA) (Virtual Console),钢刀曲棍球
Blaster Master (Europe),超惑星战记
Blaster Master (USA),超惑星战记
"Blaster Master (USA, Europe) (Virtual Console)",超惑星战记
Blodia Land - Puzzle Quest (Japan),方块世界
Bloody Warriors - Shan-Go no Gyakushuu (Japan),血腥战士
"Blue Marlin, The (Japan)",蓝色马林鱼
"Blue Marlin, The (USA)",蓝色马林鱼
Blue Shadow (Europe),赤影战士
"Blues Brothers, The (Europe)",布鲁斯兄弟
"Blues Brothers, The (USA)",布鲁斯兄弟
Bo Jackson Baseball (USA),波杰克森棒球
Bokosuka Wars (Japan),武士救美
Bomber King (Japan),炸弹之王
Bomberman (Japan),轰炸超人
Bomberman (USA),轰炸超人
Bomberman II (Japan),轰炸超人2
Bomberman II (USA),轰炸超人2
Bonk's Adventure (USA),FC原人
Booby Kids (Japan),时空小子
Boulder Dash (Europe),推石小子
Boulder Dash (Japan),推石小子
Boulder Dash (USA),推石小子
Bram Stoker's Dracula (Europe),吸血鬼德古拉
Bram Stoker's Dracula (USA),吸血鬼德古拉
Break Time - The National Pool Tour (USA),休闲时间-全国撞球巡回赛
BreakThru (USA),越野战车
Bubble Bobble (Europe),泡泡龙
Bubble Bobble (Europe) (Virtual Console),泡泡龙
Bubble Bobble (USA),泡泡龙
Bubble Bobble (USA) (Virtual Console),泡泡龙
Bubble Bobble 2 (Japan),泡泡龙2
Bubble Bobble Part 2 (USA),泡泡龙2
Bucky O'Hare (Europe),月球英雄
Bucky O'Hare (Japan),月球英雄
Bucky O'Hare (USA),月球英雄
Buggy Popper (Japan),碰碰飞车
"Bugs Bunny Birthday Blowout, The (USA)",兔八哥-生日盛宴
"Bugs Bunny Blowout, The (Europe)",兔八哥-生日盛宴
"Bugs Bunny Crazy Castle, The (USA)",兔八哥-疯狂城堡
Bump 'n' Jump (USA),碰碰飞车
Burai Fighter (Europe),无赖战士
Burai Fighter (Japan),无赖战士
Burai Fighter (USA),无赖战士
BurgerTime (Japan),汉堡世界
BurgerTime (USA),汉堡世界
Business Wars (Japan),商场战争
Cabal (USA),勇士们
Cadillac (Japan),名车扑克
Caesars Palace (USA),凯萨宫大饭店
California Games (Europe),加州运动会
California Games (USA),加州运动会
Capcom Barcelona '92 (Japan),卡普空巴塞隆纳运动会'92
Capcom's Gold Medal Challenge '92 (Europe),卡普空的金牌挑战92
Capcom's Gold Medal Challenge '92 (USA),卡普空的金牌挑战92
Captain America and the Avengers (Australia),美国队长与复仇者
Captain America and the Avengers (USA),美国队长与复仇者
Captain ED (Japan),艾德上尉
Captain Planet and the Planeteers (Europe),星球拯救队
Captain Planet and the Planeteers (USA),星球拯救队
Captain Saver (Japan),刀锋斗士2
Captain Silver (Japan),锡鲁巴船长
Captain Skyhawk (Europe),天鹰计划
Captain Skyhawk (USA),天鹰计划
Captain Skyhawk (USA) (Rev 1),天鹰计划
Captain Tsubasa (Japan),天使之翼
Captain Tsubasa II - Super Striker (Japan),天使之翼2
Casino Derby (Japan),竞马赛场
Casino Kid (USA),赌城小子
Casino Kid II (USA),赌城小子2
Castelian (Europe),城堡猪
Castelian (USA),城堡猪
Castle Excellent (Japan),精致之城
Castle Quest (Japan),奇幻大冒险
Castle of Dragon (USA),龙之军团
Castlequest (USA),精致之城
Castlevania (Europe),恶魔城
Castlevania (Europe) (Virtual Console),恶魔城
Castlevania (USA),恶魔城
Castlevania (USA) (Rev 1),恶魔城
Castlevania (USA) (Rev 1) (Virtual Console),恶魔城
Castlevania (World) (Castlevania Anniversary Collection),恶魔城
Castlevania (World) (Konami Collector's Series),恶魔城
Castlevania II - Simon's Quest (Europe),恶魔城2-西蒙的探险
Castlevania II - Simon's Quest (USA),恶魔城2-西蒙的探险
Castlevania II - Simon's Quest (World) (Castlevania Anniversary Collection),恶魔城2-西蒙的探险
Castlevania II - Simon's Quest (World) (Konami Collector's Series),恶魔城2-西蒙的探险
Castlevania III - Dracula's Curse (Europe),恶魔城3-德古拉的诅咒
Castlevania III - Dracula's Curse (Europe) (Wii Virtual Console),恶魔城3-德古拉的诅咒
Castlevania III - Dracula's Curse (USA),恶魔城3-德古拉的诅咒
"Castlevania III - Dracula's Curse (USA, Europe) (USA Wii Virtual Console, Wii U Virtual Console)",恶魔城3-德古拉的诅咒
Castlevania III - Dracula's Curse (World) (Castlevania Anniversary Collection),恶魔城3-德古拉的诅咒
Castlevania III - Dracula's Curse (World) (Konami Collector's Series),恶魔城3-德古拉的诅咒
Cat Ninden Teyandee (Japan),猫党忍者传
Caveman Games (USA),原始人运动会
Chack'n Pop (Japan),拯救爱心
Challenger (Japan),列车寻宝
Championship Bowling (Japan),保龄球锦标赛
Championship Bowling (USA),保龄球锦标赛
Championship Lode Runner (Japan),金牌掏金者
Championship Pool (USA),撞球锦标赛
Championship Rally (Europe),火爆越野赛车-世界越野赛车锦标赛
Chaos World (Japan),邪恶世界
"Chessmaster, The (Europe)",西洋棋大师
"Chessmaster, The (USA)",西洋棋大师
"Chessmaster, The (USA) (Rev 1)",西洋棋大师
Chester Field - Ankoku Shin e no Chousen (Japan),切斯特大陆-暗黑之挑战
"Chevaliers du Zodiaque, Les - La Legende d'Or (France)",圣斗士星矢-黄金传说
Chibi Maruko-chan - Uki Uki Shopping (Japan),樱桃小丸子
Chiisana Obake - Acchi Socchi Kocchi (Japan),精灵小子
Chiki Chiki Machine Mou Race (Japan),顽皮狗
Chip 'n Dale - Rescue Rangers (Europe),松鼠大作战
Chip 'n Dale - Rescue Rangers (USA),松鼠大作战
Chip 'n Dale - Rescue Rangers 2 (Europe),松鼠大作战2
Chip 'n Dale - Rescue Rangers 2 (USA),松鼠大作战2
Chip to Dale no Daisakusen (Japan),松鼠大作战
Chip to Dale no Daisakusen 2 (Japan),松鼠大作战2
Chitei Senkuu Vazolder (Japan),地底大作战
Chiyonofuji no Ooichou (Japan),千代富士-大银杏相扑
Choplifter (Japan) (En),救援直升机
Choplifter (Japan) (En) (Rev 1),救援直升机
Chou Fuyuu Yousai - Exed Exes (Japan),超浮游要塞
Chou-Wakusei Senki - MetaFight (Japan),超惑星战记
Chou-Wakusei Senki - MetaFight (Japan) (Virtual Console),超惑星战记
Choujikuu Yousai - Macross (Japan),超时空要塞
Choujin - Ultra Baseball (Japan),超人棒球
Choujin - Ultra Baseball (Japan) (Virtual Console),超人棒球
Choujin Sentai - Jetman (Japan),鸟人战队
Choujinrou Senki - Warwolf (Japan),超人狼战记
Chris Evert & Ivan Lendl in Top Players' Tennis (USA),顶级网球
Chubby Cherub (USA),胖天使
Chuugoku Janshi Story - Tonfuu (Japan),中国雀士故事-东风
Chuugoku Senseijutsu (Japan),中国占星术
Chuuka Taisen (Japan),中华大仙
Circus Caper (USA),马戏团大冒险
Circus Charlie (Japan),马戏团
City Adventure Touch - Mystery of Triangle (Japan),邻家女孩-奇妙的三角关系
City Connection (Europe),碰碰车
City Connection (Europe) (Virtual Console),碰碰车
City Connection (Japan),碰碰车
City Connection (USA),碰碰车
Clash at Demonhead (USA),电击超人
Classic Concentration (USA),集中力竞赛秀
Cliffhanger (USA),巅峰战士
Clu Clu Land (World),可鲁冒险世界
Clu Clu Land (World) (Virtual Console),可鲁冒险世界
Cobra Command (Japan),眼镜蛇指挥官
Cobra Command (USA),眼镜蛇指挥官
Cobra Triangle (Europe),眼镜蛇快艇
Cobra Triangle (USA),眼镜蛇快艇
Cocoron (Japan),可可龙世界
Code Name - Viper (USA),人间兵器-死亡之狐
Color a Dinosaur (USA),恐龙着色家
Columbus - Ougon no Yoake (Japan),哥伦布传
Commando (USA),战埸之狼
Conan (USA),王者之剑
Conflict (Japan),三军大作战
Conflict (USA),三军大作战
Conquest of the Crystal Palace (USA),魔天童子
Contra (Japan),魂斗罗
Contra (USA),魂斗罗
Contra (World) (Contra Anniversary Collection),魂斗罗
Contra (World) (Ja) (Contra Anniversary Collection),魂斗罗
Contra (World) (Konami Collector's Series),魂斗罗
Contra Force (USA),魂斗罗-武装部队
Cool World (USA),美女闯天关
Corvette ZR-1 Challenge (Europe),美国大赛车
Cosmic Wars (Japan),宇宙模拟战
Cosmo Genesis (Japan),宇宙创世纪
Cosmo Police Galivan (Japan),宇宙刑警
Cowboy Kid (USA),西部小子
Crackout (Europe),爆裂砖块
Crash 'n' the Boys - Street Challenge (USA),热血新纪录
Crayon Shin-chan - Ora to Poi Poi (Japan),蜡笔小新
Crazy Climber (Japan),疯狂爬梯者
Crisis Force (Japan),帝国战机
CrossFire (Japan),穿越火线
Crystalis (USA),天神之剑
"Crystalis (USA, Europe) (SNK 40th Anniversary Collection)",天神之剑
Cyber Stadium Series - Base Wars (USA),网络体育场系列-基地战争
Cyberball (USA),机器人橄榄球大赛
Cybernoid - The Fighting Machine (USA),战斗机器
Cycle Race - Road Man (Japan),单车王
Dai-2-ji Super Robot Taisen (Japan),第二次超级机器人大战
Daikaijuu Deburas (Japan),大怪兽-迪普拉斯
Daikoukai Jidai (Japan),大航海时代
Daiku no Gen-san (Japan),大力工头-阿源君
Daiku no Gen-san 2 - Akage no Dan no Gyakushuu (Japan),大力工头-阿源君2
Daisenryaku (Japan),大战略
Daiva - Imperial of Nirsartia (Japan),超人迪瓦
Dance Aerobics (USA),任天堂跳跳板-韵律体操
Danny Sullivan's Indy Heat (Europe),丹尼苏利凡之印地赛车
Danny Sullivan's Indy Heat (USA),丹尼苏利凡之印地赛车
Dark Lord (Japan),黑暗之王
Darkman (Europe),变形黑侠
Darkman (USA),变形黑侠
Darkwing Duck (Europe),达克鸭历险记
Darkwing Duck (Germany),达克鸭历险记
Darkwing Duck (USA),达克鸭历险记
Dash Galaxy in the Alien Asylum (USA),异形养殖场
Dash Yarou (Japan),冲刺野郎
Datsugoku (Japan),脱狱
David Crane's A Boy and His Blob - Trouble on Blobolonia (Europe),男孩与泡泡怪
David Crane's A Boy and His Blob - Trouble on Blobolonia (Europe) (Rev 1),男孩与泡泡怪
David Crane's A Boy and His Blob - Trouble on Blobolonia (USA),男孩与泡泡怪
Day Dreamin' Davey (USA),大卫之幻想历险记
Days of Thunder (Europe),雷霆壮志
Days of Thunder (USA),雷霆壮志
De-Block (Japan),太空方块
Dead Fox (Japan),死狐狸
Deadly Towers (USA),魔钟
Deep Dungeon III - Yuushi e no Tabi (Japan),深入地底3-勇者之旅
Deep Dungeon IV - Kuro no Youjutsushi (Japan),深入地底4-黑之妖术师
Defender II (USA),毁灭入侵者2
Defender of the Crown (Europe),保皇骑士
Defender of the Crown (France),保皇骑士
Defender of the Crown (USA),保皇骑士
Defenders of Dynatron City (USA),城市保卫战
Deja Vu (Sweden),似曾相似
Deja Vu (USA),似曾相似
Deja Vu - A Nightmare Comes True!! (Japan),似曾相识-噩梦成真
Demon Sword (USA),恶魔之剑
Dengeki - Big Bang! (Japan),电击超人
Densetsu no Kishi - Elrond (Japan),巫师与战士
Derby Stallion - Zenkoku Ban (Japan),德贝赛马-全国版
Desert Commander (USA),沙漠之狐
Destination Earthstar (USA),行星争霸战
Destiny of an Emperor (USA),吞食天地
Devil Man (Japan),恶魔人
Devil World (Europe),恶魔世界
Devil World (Japan),恶魔世界
Devil World (Japan) (Rev 1),恶魔世界
Dick Tracy (USA),狄克崔西
Die Hard (Europe),终极警探
Die Hard (Japan),终极警探
Die Hard (USA),终极警探
Dig Dug (Japan),打空气
"Dig Dug (World) (Namcot Collection, Namco Museum Archives Vol 1)",打空气
Dig Dug II (Japan),打空气2
Dig Dug II - Trouble in Paradise (USA),打空气2
"Dig Dug II - Trouble in Paradise (USA, Europe) (Virtual Console)",打空气2
Digger T. Rock - The Legend of the Lost City (Europe),挖矿工
Digger T. Rock - The Legend of the Lost City (USA),挖矿工
Digital Devil Story - Megami Tensei (Japan),女神转生
Digital Devil Story - Megami Tensei (Japan) (Rev 1),女神转生
Digital Devil Story - Megami Tensei (Japan) (Rev 1) (Namcot Collection),女神转生
Digital Devil Story - Megami Tensei II (Japan),女神转生2
Digital Devil Story - Megami Tensei II (Japan) (Rev 1),女神转生2
Dirty Harry (USA),肮脏哈利
Doki! Doki! Yuuenchi - Crazy Land Daisakusen (Japan),游园地
Dokuganryuu Masamune (Japan),独眼龙政宗
Don Doko Don (Japan),木匠兄弟
Don Doko Don 2 (Japan),木匠兄弟2
Donald Duck (Japan),唐老鸭运动会
Donald Land (Japan),麦当劳世界
Donkey Kong (Japan),大金刚
Donkey Kong (World) (Rev 1),大金刚
Donkey Kong - Original Edition (Europe) (Wii Virtual Console) (NTSC),大金刚
"Donkey Kong - Original Edition (USA, Europe) (3DS Virtual Console)",大金刚
Donkey Kong 3 (World),大金刚3
"Donkey Kong Classics (USA, Europe)",大金刚典藏版
Donkey Kong Jr. (Japan),大金刚2-小金刚
Donkey Kong Jr. (World) (Rev 1),大金刚2-小金刚
Donkey Kong Jr. + Jr. Lesson (Japan),小金刚+数学练习
"Donkey Kong Jr. Math (USA, Europe)",小金刚算术
Donkey Kong Jr. no Sansuu Asobi (Japan),小金刚算术
Door Door (Japan),门门
Doraemon (Japan),小叮当
Doraemon (Japan) (Rev 1),小叮当
Doraemon - Giga Zombie no Gyakushuu (Japan),小叮当-无数僵尸之逆袭
Double Dare (USA),双人挑战赛
Double Dragon (Europe),双截龙
Double Dragon (Europe) (Virtual Console),双截龙
Double Dragon (Japan),双截龙
Double Dragon (USA),双截龙
Double Dragon II - The Revenge (Europe),双截龙2-复仇
Double Dragon II - The Revenge (Japan),双截龙2-复仇
Double Dragon II - The Revenge (USA),双截龙2-复仇
Double Dragon II - The Revenge (USA) (Rev 1),双截龙2-复仇
Double Dragon III - The Rosetta Stone (Japan),双截龙3-罗塞塔之石
Double Dragon III - The Sacred Stones (Europe),双截龙3-罗塞塔之石
Double Dragon III - The Sacred Stones (USA),双截龙3-罗塞塔之石
Double Dribble (Europe),运球高手
Double Dribble (USA),运球高手
Double Dribble (USA) (Rev 1),运球高手
Double Moon Densetsu (Japan),双月传说
Dough Boy (Japan),美国大兵
Downtown - Nekketsu Koushinkyoku - Soreyuke Daiundoukai (Japan),热血进行曲大运动会
Downtown - Nekketsu Monogatari (Japan),热血物语
Downtown - Nekketsu Monogatari (Japan) (Virtual Console),热血物语
Downtown Special - Kunio-kun no Jidaigeki Da yo Zenin Shuugou! (Japan),热血时代剧
Dr. Chaos (USA),邪恶先生
Dr. Jekyll and Mr. Hyde (USA),仿魔之刻
Dr. Mario (Europe),马里奥医生
"Dr. Mario (Japan, USA) (En)",马里奥医生
"Dr. Mario (Japan, USA) (En) (Rev 1)",马里奥医生
Dragon Ball - Daimaou Fukkatsu (Japan),龙珠2-大魔王复活
Dragon Ball - Le Secret du Dragon (France),七龙珠-神龙之谜
Dragon Ball - Le Secret du Dragon (France) (Rev 1),七龙珠-神龙之谜
Dragon Ball - Shen Long no Nazo (Japan),七龙珠-神龙之谜
Dragon Ball 3 - Gokuu Den (Japan),七龙珠3-悟空传
Dragon Ball 3 - Gokuu Den (Japan) (Rev 1),七龙珠3-悟空传
Dragon Ball Z - Kyoushuu! Saiya Jin (Japan),七龙珠Z-强袭！赛亚人
Dragon Ball Z - Kyoushuu! Saiya Jin (Japan) (Rev 1),七龙珠Z-强袭！赛亚人
Dragon Ball Z Gaiden - Saiya Jin Zetsumetsu Keikaku (Japan),七龙珠Z外传-赛亚人绝灭计划
Dragon Ball Z II - Gekishin Freeza!! (Japan),七龙珠Z2-激神弗里沙！
Dragon Ball Z II - Gekishin Freeza!! (Japan) (Rev 1),七龙珠Z2-激神弗里沙！
Dragon Ball Z III - Ressen Jinzou Ningen (Japan),七龙珠Z3-烈战人造人间
Dragon Buster (Japan),屠龙记
Dragon Buster (Japan) (Virtual Console),屠龙记
"Dragon Buster (World) (Namcot Collection, Namco Museum Archives Vol 1)",屠龙记
Dragon Buster II - Yami no Fuuin (Japan),屠龙记2-闇之封印
Dragon Fighter (Japan),龙之斗士
Dragon Fighter (USA),龙之斗士
Dragon Ninja (Japan),龙之忍者
Dragon Ninja (Japan) (Rev 1),龙之忍者
Dragon Power (USA),七龙珠-神龙之谜
Dragon Quest (Japan),勇者斗恶龙
Dragon Quest II - Akuryou no Kamigami (Japan),勇者斗恶龙2
Dragon Quest III - Soshite Densetsu e... (Japan),勇者斗恶龙3
Dragon Quest III - Soshite Densetsu e... (Japan) (Rev 1),勇者斗恶龙3
Dragon Quest IV - Michibikareshi Monotachi (Japan),勇者斗恶龙4
Dragon Quest IV - Michibikareshi Monotachi (Japan) (Rev 1),勇者斗恶龙4
Dragon Scroll - Yomigaerishi Maryuu (Japan),龙之卷轴-苏醒之魔龙
Dragon Slayer IV - Drasle Family (Japan),屠龙勇者4-德拉斯莱家族
Dragon Spirit - Aratanaru Densetsu (Japan),龙魂
Dragon Spirit - Aratanaru Densetsu (Japan) (Namcot Collection),龙魂
Dragon Spirit - The New Legend (USA),龙魂
Dragon Unit (Japan),龙之军团
Dragon Warrior (USA),勇者斗恶龙
Dragon Warrior (USA) (Rev 1),勇者斗恶龙
Dragon Warrior II (USA),勇者斗恶龙2
Dragon Warrior III (USA),勇者斗恶龙3
Dragon Warrior IV (USA),勇者斗恶龙4
Dragon Wars (Japan),龙之战争
Dragon's Lair (Europe),龙穴历险记
Dragon's Lair (Japan),龙穴历险记
Dragon's Lair (USA),龙穴历险记
Dropzone (Europe),行星地带
Druaga no Tou (Japan),迷宫塔
"Druaga no Tou (World) (Namcot Collection, Namco Museum Archives Vol 1)",迷宫塔
Duck Hunt (World),猎鸭行动
DuckTales (Europe),唐老鸭俱乐部
DuckTales (USA),唐老鸭俱乐部
DuckTales 2 (Europe),唐老鸭俱乐部2
DuckTales 2 (France),唐老鸭俱乐部2
DuckTales 2 (Germany),唐老鸭俱乐部2
DuckTales 2 (Japan),唐老鸭俱乐部2
DuckTales 2 (USA),唐老鸭俱乐部2
DuckTales 2 (World) (The Disney Afternoon Collection),唐老鸭俱乐部2
Dungeon & Magic - Swords of Element (Japan),地下城与魔法-元素之剑
Dungeon Kid (Japan),地城小子
Dungeon Magic - Sword of the Elements (USA),地城魔法-元素之剑
Dusty Diamond's All-Star Softball (USA),全明星垒球
Dynablaster (Europe),轰炸超人2
Dynamite Batman (Japan),蝙蝠侠2-小丑的复仇
Dynamite Bowl (Japan),爆裂保龄球
Dynamite Bowl (Japan) (Rev 1),爆裂保龄球
Dynowarz - The Destruction of Spondylus (USA),龙枪手
"EarthBound Beginnings (USA, Europe) (Virtual Console)",地球冒险
Eggerland - Meikyuu no Fukkatsu (Japan),蛋王子-迷宫之复活
Egypt (Japan),埃及魔法阵
Elevator Action (Japan),电梯大战
Elevator Action (Japan) (Rev 1),电梯大战
Elevator Action (Japan) (Rev 1) (Virtual Console),电梯大战
Elevator Action (USA),电梯大战
Elevator Action (USA) (Virtual Console),电梯大战
Eliminator Boat Duel (Europe),赛艇决斗
Eliminator Boat Duel (USA),赛艇决斗
"Elite (Europe) (En,Fr,De)",精英战机
Elnark no Zaihou (Japan),艾鲁那财宝
Elysion (Japan),勇士屠魔
Emoyan no 10 Bai Pro Yakyuu (Japan),十倍职业野球
"Empereur, L' (Japan)",拿破仑
"Empereur, L' (USA)",拿破仑
Eric Cantona Football Challenge - Goal! 2 (Europe),足球得点王2
Erika to Satoru no Yume Bouken (Japan),梦冒险
Esper Bouken Tai (Japan),超能力冒险队
Esper Dream 2 - Aratanaru Tatakai (Japan),超能力之梦2
Excitebike (Europe),火爆机车赛
Excitebike (Europe) (Virtual Console),火爆机车赛
"Excitebike (Japan, USA) (En)",火爆机车赛
"Excitebike (Japan, USA) (En) (Virtual Console)",火爆机车赛
Exciting Boxing (Japan),火爆拳击
Exciting Rally - World Rally Championship (Japan),火爆越野赛车-世界越野赛车锦标赛
Exerion (Japan) (En),火凤凰
F-1 Sensation (Japan) (En),F-1刺激赛车
F-117A Stealth Fighter (USA),F-117A战斗机
F-15 Strike Eagle (Europe),F-15打击之鹰
"F-15 Strike Eagle (Europe) (En,Sv,Da,Fi)",F-15打击之鹰
"F-15 Strike Eagle (France) (En,Fr,Nl)",F-15打击之鹰
F-15 Strike Eagle (Germany),F-15打击之鹰
F-15 Strike Eagle (Italy),F-15打击之鹰
F-15 Strike Eagle (USA),F-15打击之鹰
F1 Circus (Japan),F-1竞技场
F1 Race (Japan),F1赛车
FC Genjin - Freakthoropus Computerus (Japan),FC原人
Famicom Doubutsu Seitai Zukan! - Katte ni Shirokuma - Mori o Sukue no Maki! (Japan),白熊历险记
Famicom Igo Nyuumon (Japan),任天堂围棋入门
Famicom Jump - Eiyuu Retsuden (Japan),英雄列传
Famicom Jump II - Saikyou no 7 Nin (Japan),英雄列传2-最强之七人
Famicom Meijin Sen (Japan),任天堂名人战
Famicom Meijin Sen (Japan) (Rev 1),任天堂名人战
Famicom Shougi - Ryuuousen (Japan),任天堂将棋-龙王战
Famicom Top Management (Japan),任天堂顶尖经营者
Famicom Wars (Japan),任天堂大战
Famicom Wars (Japan) (Virtual Console),任天堂大战
Famicom Yakyuu Ban (Japan),任天堂野球盘
Family BASIC (Japan) (v1.0),任天堂Basic系统
Family BASIC (Japan) (v2.0),任天堂Basic系统
Family BASIC (Japan) (v2.1),任天堂Basic系统
Family BASIC V3 (Japan),任天堂Basic系统V3
Family Block (Japan),家庭打砖块
Family Boxing (Japan),家庭拳击
Family Circuit '91 (Japan) (En),家庭赛车91
Family Circuit (Japan),家庭赛车
Family Circuit (Japan) (Namcot Collection),家庭赛车
Family Feud (USA),家庭对抗赛
Family Jockey (Japan),家庭竞马
Family Jockey (Japan) (Namcot Collection),家庭竞马
Family Mahjong (Japan),家庭麻将
Family Mahjong (Japan) (Rev 1),家庭麻将
Family Mahjong II - Shanghai e no Michi (Japan),家庭麻将2-上海之道
Family Pinball (Japan),家庭弹珠台
Family Pinball (Japan) (Namcot Collection),家庭弹珠台
Family Quiz - 4-nin wa Rival (Japan),家庭问答
Family School (Japan),家庭学院
Family Tennis (Japan),家庭网球
Family Trainer 1 - Athletic World (Japan),任天堂跳跳板-运动世界
Family Trainer 1 - Athletic World (Japan) (Rev 1),任天堂跳跳板-运动世界
Family Trainer 10 - Rairai Kyonsees (Japan),任天堂跳跳板-来来僵尸
Family Trainer 2 - Running Stadium (Japan),任天堂跳跳板-田径运动会
Family Trainer 3 - Aerobics Studio (Japan),任天堂跳跳板-韵律体操
Family Trainer 4 - Jogging Race (Japan),任天堂跳跳板-慢跑竞赛
Family Trainer 5 - Meiro Daisakusen (Japan),任天堂跳跳板-迷路大作战
Family Trainer 6 - Manhattan Police (Japan),任天堂跳跳板-街头警察
Family Trainer 7 - Daiundoukai (Japan),任天堂跳跳板-大运动会
Family Trainer 8 - Totsugeki! Fuuun Takeshi-jou (Japan),任天堂跳跳板-突击风云城
Family Trainer 9 - Fuuun Takeshi-jou 2 (Japan),任天堂跳跳板-突击风云城2
Famista '89 - Kaimaku Ban!! (Japan),明星职棒'89
Famista '90 (Japan),明星职棒'90
Famista '91 (Japan),明星职棒'91
Famista '92 (Japan),明星职棒'92
Famista '93 (Japan),明星职棒'93
Famista '94 (Japan),明星职棒'94
Fantasy Zone (Japan) (Sunsoft),幻想空间
Fantasy Zone II - Opa-Opa no Namida (Japan),幻想区2
Faria - A World of Mystery & Danger! (USA),法利亚-神秘世界
Faria - Fuuin no Tsurugi (Japan),法利亚-封印之剑
Faxanadu (Europe),沙那多
Faxanadu (Japan),沙那多
Faxanadu (USA),沙那多
Faxanadu (USA) (Rev 1),沙那多
Felix the Cat (Europe) (Hudson),菲力猫
Felix the Cat (USA) (Hudson),菲力猫
Ferrari (Japan),法拉利
Ferrari Grand Prix Challenge (Europe),法拉利挑战赛
Ferrari Grand Prix Challenge (USA),法拉利挑战赛
Fester's Quest (Europe),福斯特的冒险
Fester's Quest (Europe) (Rev 1),福斯特的冒险
Fester's Quest (USA),福斯特的冒险
Field Combat (Japan),杀戮战场
Fighting Golf (Japan),战斗高尔夫
Fighting Road (Japan),战斗之路
Final Fantasy (Japan),最终幻想
Final Fantasy (Japan) (Rev 1),最终幻想
Final Fantasy (Japan) (Rev 1) (3DS Virtual Console),最终幻想
Final Fantasy (Japan) (Rev 1) (Wii and Wii U Virtual Console),最终幻想
Final Fantasy (USA),最终幻想
Final Fantasy (USA) (Virtual Console),最终幻想
"Final Fantasy I, II (Japan)",最终幻想1&2
Final Fantasy II (Japan),最终幻想2
Final Fantasy II (Japan) (3DS Virtual Console),最终幻想2
Final Fantasy II (Japan) (Wii and Wii U Virtual Console),最终幻想2
Final Fantasy III (Japan),最终幻想3
Final Fantasy III (Japan) (3DS Virtual Console),最终幻想3
Final Fantasy III (Japan) (Wii U Virtual Console),最终幻想3
Final Fantasy III (Japan) (Wii Virtual Console),最终幻想3
Final Lap (Japan),最后冲刺
Final Mission (Japan),最终任务
Fire 'n Ice (USA),所罗门之钥2
Fire Emblem - Ankoku Ryuu to Hikari no Tsurugi (Japan),火焰之纹章-暗黑龙与光之剑
Fire Emblem Gaiden (Japan),圣火降魔录外传
Fire Emblem Gaiden (Japan) (Virtual Console),圣火降魔录外传
Fisher-Price - Firehouse Rescue (USA),营救消防站
Fisher-Price - I Can Remember (USA),记忆力大考验
Fisher-Price - Perfect Fit (USA),图案配对大挑战
Fist of the North Star (USA),北斗神拳2
Flappy (Japan),顽皮精灵
Fleet Commander (Japan),海战指挥官
Flight of the Intruder (USA),捍卫入侵者
"Flintstones, The - The Rescue of Dino & Hoppy (Europe)",摩登原始人
"Flintstones, The - The Rescue of Dino & Hoppy (Japan)",摩登原始人
"Flintstones, The - The Rescue of Dino & Hoppy (USA)",摩登原始人
"Flintstones, The - The Surprise at Dinosaur Peak (Europe)",摩登原始人2
"Flintstones, The - The Surprise at Dinosaur Peak! (USA)",摩登原始人2
Flipull - An Exciting Cube Game (Japan) (En),趣味方块
Flipull - An Exciting Cube Game (Japan) (En) (Rev 1),趣味方块
Flying Dragon - The Secret Scroll (USA),飞龙之拳-奥义之书
Flying Hero (Japan),飞行英雄
Flying Warriors (USA),飞龙战士
Flying Warriors (USA) (Virtual Console),飞龙战士
Formation Z (Japan),变形战机
Formation Z (Japan) (Rev 1),变形战机
Formation Z (Japan) (Rev 1) (Virtual Console),变形战机
Formula 1 Sensation (Europe),F-1刺激赛车
Formula One - Built to Win (USA),F-1冠军赛车
Four Players' Tennis (Europe),世界杯网球赛
Fox's Peter Pan & the Pirates - The Revenge of Captain Hook (USA),彼得潘与海盗-铁钩船长的复仇
Frankenstein - The Monster Returns (USA),科学怪人
Freedom Force (USA),自由武装
Friday the 13th (USA),十三号星期五
Front Line (Japan),前线任务
Fudou Myouou Den (Japan),不动明王传
Fun House (USA),欢乐屋
Fushigi na Blobby - Blobania no Kiki (Japan),男孩与泡泡怪
Fushigi no Umi no Nadia (Japan),蓝宝石之迷
Future Wars - Mirai Senshi Lios (Japan),未来战争
Fuzzical Fighter (Japan),奇幻勇士
G.I. Joe - A Real American Hero (USA),特殊部队
G.I. Joe - The Atlantis Factor (USA),G.I.JOE-特种部队
Galaga (Europe),大蜜蜂
Galaga (Japan),大蜜蜂
"Galaga (World) (Namcot Collection, Namco Museum Archives Vol 2)",大蜜蜂
Galaga - Demons of Death (USA),大蜜蜂
Galaxian (Japan) (En),小蜜蜂
Galaxian (Japan) (En) (Rev 1),小蜜蜂
"Galaxian (World) (Namcot Collection, Namco Museum Archives Vol 1)",小蜜蜂
Galaxy 5000 - Racing in the 51st Century (Europe),银河系5000-狂飙51世纪
Galaxy 5000 - Racing in the 51st Century (USA),银河系5000-狂飙51世纪
Gambler Jiko Chuushinha (Japan),麻将道场
Gambler Jiko Chuushinha 2 (Japan),麻将道场2
Game Designer Yousei Soft - Dezaemon (Japan),游戏设计师
Game Party (Japan),游戏派对
Ganbare Goemon 2 (Japan),大盗五右卫门２
Ganbare Goemon 2 (Japan) (Virtual Console),大盗五右卫门２
Ganbare Goemon Gaiden - Kieta Ougon Kiseru (Japan),大盗五右卫门外传-消失之黄金烟斗
Ganbare Goemon Gaiden - Kieta Ougon Kiseru (Japan) (Rev 1),大盗五右卫门外传-消失之黄金烟斗
Ganbare Goemon Gaiden - Kieta Ougon Kiseru (Japan) (Rev 1) (Virtual Console),大盗五右卫门外传-消失之黄金烟斗
Ganbare Goemon Gaiden 2 - Tenka no Zaihou (Japan),大盗五右卫门外传2-天下之财宝
Ganbare Goemon! - Karakuri Douchuu (Japan),大盗五右卫门
Ganbare Goemon! - Karakuri Douchuu (Japan) (Virtual Console),大盗五右卫门
Ganbare Pennant Race! (Japan),棒球锦标赛
Ganso Saiyuuki - Super Monkey Daibouken (Japan),元祖西游记-孙悟空大冒险
Garfield no Isshukan (Japan) (En),加菲猫
Gargoyle's Quest II (Europe),石像鬼之谜2
Gargoyle's Quest II (USA),石像鬼之谜2
Garry Kitchen's Battletank (USA),战斗坦克
Gauntlet (USA),铁手套
Gauntlet II (Europe),铁手套2
Gauntlet II (USA),铁手套2
Gegege no Kitarou - Youkai Daimakyou (Japan),鬼太郎-妖怪大魔境
Gegege no Kitarou 2 - Youkai Gundan no Chousen (Japan),鬼太郎2-妖怪军团之挑战
Geimos (Japan),宇宙大射击
Gekikame Ninja Den (Japan),忍者神龟-激龟忍者传
Gekikame Ninja Den (Japan) (The Cowabunga Collection),忍者神龟-激龟忍者传
Gekikame Ninja Den (Japan) (Virtual Console),忍者神龟-激龟忍者传
Gekitotsu Yonku Battle (Japan),激突四驱车
Gekitou Pro Wrestling!! - Toukon Densetsu (Japan),激斗摔角-斗魂传说
Gekitou Stadium!! (Japan),激斗棒球
Gemfire (USA),欧洲战记
Genghis Khan (USA),苍狼与白鹿-成吉思汗
Genpei Touma Den - Computer Boardgame (Japan),源平讨魔传
George Foreman's KO Boxing (Europe),乔治福尔曼的击倒拳击
George Foreman's KO Boxing (USA),乔治福尔曼的击倒拳击
Getsu Fuuma Den (Japan),风月魔传
Getsu Fuuma Den (Japan) (Virtual Console),风月魔传
Ghost Lion (USA),幽灵狮子
Ghost'n Goblins (Europe),魔界村
Ghostbusters (Japan),魔鬼克星
Ghostbusters (USA),魔鬼克星
Ghostbusters II (Europe),魔鬼克星2
Ghostbusters II (USA),魔鬼克星2
Ghosts'n Goblins (USA),魔界村
Ghoul School (USA),幽灵学校
Gimmi a Break - Shijou Saikyou no Quiz Ou Ketteisen (Japan),史上最强之问答王决定战
Gimmi a Break - Shijou Saikyou no Quiz Ou Ketteisen 2 (Japan),史上最强之问答王决定战2
Gimmick! (Japan),吉米克先生
Ginga Eiyuu Densetsu (Japan),银河英雄传说
Ginga no Sannin (Japan),银河三人组
Goal! (Europe),足球得点王
Goal! (USA),足球得点王
Goal! Two (USA),足球得点王2
Goal!! (Japan),足球得点王2
God Slayer - Haruka Tenkuu no Sonata (Japan),天神之剑
God Slayer - Haruka Tenkuu no Sonata (Japan) (SNK 40th Anniversary Collection),天神之剑
Godzilla - Monster of Monsters! (Europe),哥斯拉-怪兽之王
Godzilla - Monster of Monsters! (USA),哥斯拉-怪兽之王
Godzilla 2 - War of the Monsters (USA),哥斯拉2-怪兽之战争
Gojira (Japan),哥斯拉
"Golf '92, The (Japan)",高尔夫'92
Golf (Europe),任天堂高尔夫
Golf (Japan) (En),任天堂高尔夫
"Golf (USA, Asia) (En)",任天堂高尔夫
Golf Club - Birdy Rush (Japan),高尔夫俱乐部
Golf Grand Slam (Japan),高尔夫大满贯
Golf Grand Slam (USA),高尔夫大满贯
Golfkko Open (Japan),高尔夫公开赛
Golgo 13 - Daiisshou - Kamigami no Tasogare (Japan),狙击13-众神的黄昏
Golgo 13 - Dainishou - Icarus no Nazo (Japan),狙击13-伊卡洛斯之谜
Golgo 13 - Top Secret Episode (USA),哥尔戈13-诸神之黄昏
Gomoku Narabe (Japan),任天堂五子棋
Goonies (Japan),七宝奇谋
Goonies 2 - Fratelli Saigo no Chousen (Japan),七宝奇谋2
"Goonies II, The (Europe)",七宝奇谋2
"Goonies II, The (USA)",七宝奇谋2
Gorby no Pipeline Daisakusen (Japan),水管大作战
"Gorilla Man, The (Japan)",猩猩男
Gotcha! - The Sport! (USA),射击运动
Gozonji - Yaji Kita Chin Douchuu (Japan),御存知-弥次喜多珍道中
Gradius (Europe),宇宙巡航机
Gradius (Japan),宇宙巡航机
Gradius (USA),宇宙巡航机
Gradius II (Japan) (En),宇宙巡航机2
Grand Master (Japan),究极大师
Great Battle Cyber (Japan),SD英雄挑战
Great Boxing - Rush Up (Japan),拳王冠军赛
Great Deal (Japan) (En),赌城扑克
Great Tank (Japan),大坦克
Great Tank (Japan) (SNK 40th Anniversary Collection),大坦克
"Great Waldo Search, The (USA)",超级找一找
Greg Norman's Golf Power (USA),葛瑞诺曼的威力高尔夫
Gremlin 2 - Shinshu Tanjou (Japan),小魔怪2-新种诞生
Gremlins 2 - The New Batch (Europe),小魔怪2-新种诞生
Gremlins 2 - The New Batch (USA),小魔怪2-新种诞生
"Guardian Legend, The (Europe)",嘉蒂外传
"Guardian Legend, The (USA)",嘉蒂外传
Guardic Gaiden (Japan),嘉蒂外传
Guerrilla War (Europe),古巴战士
Guerrilla War (USA),古巴战士
Guevara (Japan),古巴战士
"Gumshoe (USA, Europe)",秘密行动
Gun Nac (Japan),奈克战机
Gun Nac (USA),奈克战机
Gun Sight (Japan),救难任务
Gun-Dec (Japan),毁灭计划
Gun.Smoke (Europe),荒野大镖客
Gun.Smoke (USA),荒野大镖客
Gunhed - Aratanaru Tatakai (Japan),机甲兵团
Gyrodine (Japan),战斗直升机
Gyromite (World),机器人组件
Gyruss (USA),太空射击战
Haja no Fuuin (Japan),霸邪之封印
Hammerin' Harry (Europe),大力工头
Hana no Star Kaidou (Japan),明星街道
Hanjuku Hero (Japan),半熟英雄
Hanjuku Hero (Japan) (Virtual Console),半熟英雄
Happy Birthday Bugs (Japan),兔八哥-生日盛宴
Harlem Globetrotters (USA),哈林篮球队
Hatris (Japan),帽子方块
Hatris (USA),帽子方块
Hayauchi Super Igo (Japan),超级围棋
Hayauchi Super Igo (Japan) (Rev 1),超级围棋
Heavy Barrel (Japan),重装机枪
Heavy Barrel (USA),重装机枪
Heavy Shreddin' (USA),重装雪板
Hebereke (Japan),迷糊蛋
Hebereke (Japan) (Virtual Console),迷糊蛋
Hector '87 (Japan),爆击战士87
Heisei Tensai Bakabon (Japan),平成天才
Hello Kitty World (Japan),凯蒂猫世界
Hello Kitty no Ohanabatake (Japan),凯蒂猫花店
Heracles no Eikou - Toujin Makyou Den (Japan),天神之荣光-斗人魔境传
Heracles no Eikou II - Titan no Metsubou (Japan),天神之荣光2
Hi no Tori - Houou Hen - Gaou no Bouken (Japan),火之鸟-凤凰编-我王之冒险
Higemaru - Makai-jima - Nanatsu no Shima Daibouken (Japan),魔界岛-七岛大冒险
High Speed (Europe),高速弹珠台
High Speed (USA),高速弹珠台
Hikari no Senshi Foton - The Ultimate Game on Planet Earth (Japan),地心冒险
Hirake! Ponkikki (Japan),潘克大进击
Hiryuu no Ken - Ougi no Sho (Japan),飞龙之拳-奥义之书
Hiryuu no Ken II - Dragon no Tsubasa (Japan),飞龙之拳2-龙之翼
Hiryuu no Ken II - Dragon no Tsubasa (Japan) (Virtual Console),飞龙之拳2-龙之翼
Hiryuu no Ken III - 5 Nin no Dragon (Japan),飞龙之拳3
Hiryuu no Ken Special - Fighting Wars (Japan),飞龙之拳特别版-格斗争霸战
Hissatsu Doujou Yaburi (Japan),必杀道场破坏者
Hissatsu Shigoto Nin (Japan),必杀仕事人
Hitler no Fukkatsu - Top Secret (Japan),希特勒复活
Hogan's Alley (World),室内射击
Hokkaidou Rensa Satsujin - Okhotsk ni Kiyu (Japan),北海道连续杀人事件
Hokuto no Ken (Japan),北斗神拳
Hokuto no Ken 2 (Japan),北斗神拳2
Hokuto no Ken 3 - Shin Seiki Souzou Seiken Retsuden (Japan),北斗神拳3
Hokuto no Ken 4 - Shichisei Haken Den - Hokuto Shinken no Kanata e (Japan),北斗之拳4
Hollywood Squares (USA),好莱坞广场
Holy Diver (Japan),神圣救世主
Home Alone (USA),小鬼当家
Home Alone (USA) (Rev 1),小鬼当家
Home Alone 2 - Lost in New York (Europe),小鬼当家2-纽约迷途记
Home Alone 2 - Lost in New York (USA),小鬼当家2-纽约迷途记
Honoo no Toukyuuji - Dodge Danpei (Japan),炎之斗球儿-躲避球弹平
Honoo no Toukyuuji - Dodge Danpei 2 (Japan),炎之斗球儿-躲避球弹平2
Honshougi - Naitou 9 Dan Shougi Hiden (Japan),内藤九段-将棋秘传
Hook (Europe),虎克船长
Hook (Japan),虎克船长
Hook (USA),虎克船长
Hoops (Europe),燃烧篮球
Hoops (USA),燃烧篮球
Hoshi no Kirby - Yume no Izumi no Monogatari (Japan),星之卡比-梦之泉的传说
Hoshi o Miru Hito (Japan),行星冒险
Hostages - The Embassy Mission (Japan),人质大作战-大使馆抢救任务
Hototogisu (Japan),不如归
Hottarman no Chitei Tanken (Japan),火星人之地底探险
Hudson Hawk (Europe),终极神鹰
Hudson Hawk (Japan),终极神鹰
Hudson Hawk (USA),终极神鹰
"Hunt for Red October, The (Europe)",猎杀红色十月
"Hunt for Red October, The (USA)",猎杀红色十月
"Hunt for Red October, The (USA) (Rev 1)",猎杀红色十月
Hyakkiyagyou (Japan),百鬼夜行
Hyaku no Sekai no Monogatari - The Tales on a Watery Wilderness (Japan),百之世界物语
Hydlide (USA),梦幻仙境
Hydlide 3 - Yami kara no Houmonsha (Japan),梦幻仙境3
Hydlide Special (Japan),梦幻仙境
Hyokkori Hyoutan-jima - Nazo no Kaizokusen (Japan),神秘岛
Hyper Olympic (Japan),超级奥林匹克运动会
Hyper Sports (Japan),超级运动会
Hyper Sports (Japan) (Rev 1),超级运动会
I Love Softball (Japan),我爱垒球
Ice Climber (Japan) (En),敲冰块
"Ice Climber (USA, Europe, Asia) (En)",敲冰块
Ice Hockey (Europe),冰上曲棍球
Ice Hockey (Europe) (Virtual Console),冰上曲棍球
Ice Hockey (USA),冰上曲棍球
Ide Yousuke Meijin no Jissen Mahjong (Japan),井出洋介之实战麻将
Ide Yousuke Meijin no Jissen Mahjong (Japan) (Rev 1),井出洋介之实战麻将
Ide Yousuke Meijin no Jissen Mahjong II (Japan),井出洋介实战麻将2
Idemitsu - Space College - Kikenbutsu no Yasashii Butsuri to Kagaku (Japan),出光太空学院
Idol Hakkenden (Japan),偶像八犬传
Igo - Kyuu Roban Taikyoku (Japan),围棋-九路盘对局
Igo Meikan (Japan),围棋名鉴
Igo Shinan '91 (Japan),围棋指南'91
Igo Shinan '92 (Japan),围棋指南'92
Igo Shinan '93 (Japan),围棋指南'93
Igo Shinan '94 (Japan),围棋指南'94
Igo Shinan (Japan),围棋指南
Ikari (Japan),怒
Ikari II - Dogosoken (Japan),怒2
Ikari III (Japan),怒3
Ikari III - The Rescue (USA),怒3
Ikari Warriors (Europe),怒
Ikari Warriors (USA),怒
Ikari Warriors (USA) (Rev 1),怒
Ikari Warriors II - Victory Road (USA),怒2
Ike Ike! Nekketsu Hockey-bu - Subette Koronde Dairantou (Japan),热血曲棍球
Ikinari Musician (Japan),小小音乐家
Ikki (Japan),忍者大挑战
ImageFight (Japan) (En),梦幻战机
ImageFight (USA),梦幻战机
"Immortal, The (USA)",永生不灭
"Incredible Crash Dummies, The (Europe)",不可思议之人偶
"Incredible Crash Dummies, The (USA)",不可思议之人偶
Indiana Jones and the Last Crusade (Europe),印地安纳琼斯-圣战奇兵
Indiana Jones and the Last Crusade (USA) (Taito),印地安纳琼斯-圣战奇兵
Indiana Jones and the Last Crusade (USA) (UBI Soft),印地安纳琼斯-圣战奇兵
Indiana Jones and the Temple of Doom (USA),印地安纳琼斯-魔宫传奇
Indiana Jones and the Temple of Doom (USA) (Rev 1),印地安纳琼斯-魔宫传奇
Indora no Hikari (Japan),因陀罗之光
Infiltrator (USA),百战飞狼
Insector X (Japan),昆虫大战
International Cricket (Australia),国际板球赛
Iron Tank - The Invasion of Normandy (Europe),大坦克
Iron Tank - The Invasion of Normandy (USA),大坦克
IronSword - Wizards & Warriors II (Europe),巫师与战士2
IronSword - Wizards & Warriors II (USA),巫师与战士2
Isaki Shuugorou no Keiba Hisshou Gaku (Japan),井崎脩五郎之竞马必胜学
Ishin no Arashi (Japan),维新之岚
Isolated Warrior (Europe),马克司战士-惑星戒严令
Isolated Warrior (USA),马克司战士-惑星戒严令
Itadaki Street - Watashi no Omise ni Yottette (Japan),赌博街-创业人生
Ivan 'Ironman' Stewart's Super Off Road (Europe),环绕越野赛车
Ivan 'Ironman' Stewart's Super Off Road (USA),环绕越野赛车
J.League Fighting Soccer - The King of Ace Strikers (Japan),J联盟战斗足球
J.League Winning Goal (Japan),J联盟胜利足球
Jack Nicklaus' Greatest 18 Holes of Major Championship Golf (Europe),杰克尼克劳斯的十八洞高尔夫球场锦标赛
Jack Nicklaus' Greatest 18 Holes of Major Championship Golf (USA),杰克尼克劳斯的十八洞高尔夫球场锦标赛
Jackal (USA),赤色要塞
Jackal (World) (Konami Collector's Series),赤色要塞
Jackie Chan (Japan),成龙
Jackie Chan's Action Kung Fu (Europe),成龙
Jackie Chan's Action Kung Fu (USA),成龙
Jajamaru Gekimaden - Maboroshi no Kinmajou (Japan),茶茶丸击魔传-幻之金魔城
Jajamaru Ninpou Chou (Japan),茶茶丸忍法帐
Jajamaru no Daibouken (Japan),茶茶丸大冒险
James Bond Jr (Europe),少年詹姆斯庞德
James Bond Jr (USA),少年詹姆斯庞德
Jangou (Japan),雀豪
Jarinko Chie - Bakudan Musume no Shiawase Sagashi (Japan),知惠
Jaws (USA),大白鲨
Jekyll Hakase no Houma ga Toki (Japan),仿魔之刻
Jeopardy! (USA),电视问答游戏-危机
Jeopardy! (USA) (Rev 1),电视问答游戏-危机
Jeopardy! 25th Anniversary Edition (USA),电视问答游戏-危机25周年纪念版
Jeopardy! Junior Edition (USA),电视问答游戏-危机少年版
Jesus - Kyoufu no Bio Monster (Japan),耶稣号-恐怖的生化怪兽
"Jetsons, The - Cogswell's Caper (Europe)",杰特森一家-科格斯韦尔的恶作剧
"Jetsons, The - Cogswell's Caper (Japan)",杰特森一家-科格斯韦尔的恶作剧
"Jetsons, The - Cogswell's Caper (USA)",杰特森一家-科格斯韦尔的恶作剧
Jigoku Gokuraku Maru (Japan),地狱极乐丸
Jikuu Yuuden - Debias (Japan),时空勇传
Jimmy Connors Tennis (Europe),吉米康诺网球
Jimmy Connors Tennis (USA),吉米康诺网球
Joe & Mac (USA),战斗原始人
Joe & Mac - Caveman Ninja (Europe),战斗原始人
John Elway's Quarterback (USA),约翰艾尔维之传奇四分卫
Jongbou (Japan),雀棒
Jordan vs Bird - One on One (USA),乔丹对伯德-一对一篮球
Journey to Silius (Europe),星际旅程
Journey to Silius (USA),星际旅程
Joust (Japan),鸵鸟骑士
Joust (USA),鸵鸟骑士
Joy Mech Fight (Japan),趣味机器人格斗
Joy Mech Fight (Japan) (Virtual Console),趣味机器人格斗
JuJu Densetsu (Japan),JUJU传说
Jumbo Ozaki no Hole in One Professional (Japan),尾崎高尔夫
Jumpin' Kid - Jack to Mame no Ki Monogatari (Japan),杰克与魔豆
"Jungle Book, The (Europe)",森林王子
"Jungle Book, The (USA)",森林王子
"Jungle Book, The (World) (Disney Classic Games)",森林王子
"Jurassic Park (Europe) (En,Fr,De,Es)",侏罗纪公园
Jurassic Park (USA),侏罗纪公园
Just Breed (Japan),光荣圣战
Juuouki (Japan),兽王记
Juuryoku Soukou Metal Storm (Japan),重力装甲
Juvei Quest (Japan),十兵卫传说
Juvei Quest (Japan) (Alt),十兵卫传说
Kabuki - Quantum Fighter (Europe),地狱极乐丸
Kabuki - Quantum Fighter (USA),地狱极乐丸
Kabushiki Doujou (Japan),株式道场
Kaettekita! Gunjin Shougi - Nanya Sore! (Japan),军人将棋
Kage no Densetsu (Japan),影子传说
Kage no Densetsu (Japan) (Virtual Console),影子传说
Kagerou Densetsu (Japan),影狼传说
Kaguya Hime Densetsu (Japan),竹取公主
Kaijuu Monogatari (Japan),贝兽物语
Kaijuu Monogatari (Japan) (Namcot Collection),贝兽物语
Kaiketsu Yanchamaru (Japan),快杰洋枪
Kaiketsu Yanchamaru 2 - Karakuri Land (Japan),快杰洋枪2
Kaiketsu Yanchamaru 3 - Taiketsu! Zouringen (Japan),快杰洋枪3
Kakefu-kun no Jump Tengoku - Speed Jigoku (Japan),加其夫的跳跃天国与速度地狱
Kame no Ongaeshi - Urashima Densetsu (Japan),乌龟报恩
Kamen Rider Club (Japan),假面骑士俱乐部
Kamen Rider SD - Granshocker no Yabou (Japan),SD假面骑士
Kamen no Ninja - Akakage (Japan),假面忍者-赤影
Kamen no Ninja - Hanamaru (Japan),假面忍者-花丸
Kanshakudama Nage Kantarou no Toukaidou Gojuusan Tsugi (Japan),东海道五十三次
Karakuri Kengou Den Musashi Lord - Karakuribito Hashiru (Japan),忍者剑豪传
Karaoke Studio (Japan),任天堂卡拉OK-卡拉OK工作室
Karaoke Studio Senyou Cassette - Top Hit 20 Vol. 1 (Japan),任天堂卡拉OK-卡拉OK伴唱带
Karaoke Studio Senyou Cassette - Top Hit 20 Vol. 2 (Japan),任天堂卡拉OK-卡拉OK伴唱带2
Karate Champ (USA),空手道冠军赛
Karate Champ (USA) (Rev 1),空手道冠军赛
"Karate Kid, The (USA)",小子难缠
Karateka (Japan),决战富士山
Karnov (Japan),卡诺夫
Karnov (Japan) (Rev 1),卡诺夫
Karnov (USA),卡诺夫
Kawa no Nushi Tsuri (Japan),钓鱼太郎
Keiba Simulation - Honmei (Japan),模拟赛马-本命
Kekkyoku Nankyoku Daibouken (Japan),南极大冒险
Kekkyoku Nankyoku Daibouken (Japan) (Rev 1),南极大冒险
Kero Kero Keroppi no Daibouken (Japan),大眼蛙可乐比的大冒险
Kero Kero Keroppi no Daibouken 2 - Donuts Ike wa Oosawagi!! (Japan),大眼蛙可乐比的大冒险2-甜甜圈池的骚动
Keroppi to Keroriinu no Splash Bomb! (Japan),大眼蛙之水弹大进击
Ki no Bouken - The Quest of Ki (Japan),驭风与巫女凯伊的历险记
Ki no Bouken - The Quest of Ki (Japan) (Namcot Collection),驭风与巫女凯伊的历险记
Kick Off (Europe),足球
KickMaster (USA),踢王
Kickle Cubicle (Europe),迷宫岛
Kickle Cubicle (USA),迷宫岛
Kid Dracula (World) (Castlevania Anniversary Collection),恶魔城外传-少年德古拉
"Kid Icarus (USA, Europe)",光神话
"Kid Icarus (USA, Europe) (Rev 1)",光神话
"Kid Icarus (USA, Europe) (Rev 1) (Virtual Console)",光神话
Kid Klown in Night Mayor World (USA),小丑王子大冒险
Kid Kool and the Quest for the Seven Wonder Herbs (USA),天国与地狱
Kid Niki - Radical Ninja (USA),快杰洋枪丸
Kid Niki - Radical Ninja (USA) (Rev 1),快杰洋枪丸
Kidou Senshi Z Gundam - Hot Scramble (Japan),机动战士Z高达
Kidou Senshi Z Gundam - Hot Scramble (Japan) (Final Version),机动战士Z高达
King Kong 2 - Ikari no Megaton Punch (Japan),金刚2-愤怒之万吨铁拳
King of Kings (Japan),万王之王
King of Kings (Japan) (Namcot Collection),万王之王
King's Knight (Japan),国王骑士
King's Knight (Japan) (Virtual Console),国王骑士
King's Knight (USA),国王骑士
King's Knight (USA) (Virtual Console),国王骑士
King's Quest V (USA),国王密使5
Kings of the Beach - Professional Beach Volleyball (USA),沙滩排球王
Kinnikuman - Muscle Tag Match (Japan),金肉人摔角
Kinnikuman - Muscle Tag Match (Japan) (Rev 1),金肉人摔角
Kirby's Adventure (Canada) (Fr),星之卡比-梦之泉的传说
Kirby's Adventure (Europe),星之卡比-梦之泉的传说
Kirby's Adventure (France),星之卡比-梦之泉的传说
Kirby's Adventure (Germany),星之卡比-梦之泉的传说
Kirby's Adventure (USA),星之卡比-梦之泉的传说
Kirby's Adventure (USA) (Rev 1),星之卡比-梦之泉的传说
Kiteretsu Daihyakka (Japan),奇天烈大百科
Kiwi Kraze - A Bird-Brained Adventure! (USA),纽西兰故事
KlashBall (USA),克拉什球
Klax (Japan),旋转方块
Knight Rider (Europe),霹雳游侠
Knight Rider (Japan),霹雳游侠
Knight Rider (USA),霹雳游侠
Konami Hyper Soccer (Europe),科拿米超级足球
Konami Wai Wai World (Japan),科乐美世界
Konamic Sports in Seoul (Japan),超级奥林匹克运动会2
Kouryuu Densetsu Villgust Gaiden (Japan),甲龙传说外传
Koushien (Japan),甲子园
"Krion Conquest, The (USA)",小魔女大冒险
Krusty's Fun House (Europe),辛普森家庭-超级欢乐屋
Krusty's Fun House (USA),辛普森家庭-超级欢乐屋
Kujaku Ou (Japan),孔雀王
Kujaku Ou II (Japan),孔雀王2
"Kung Fu (Europe, Hong Kong) (En)",功夫
"Kung Fu (Japan, USA) (En)",功夫
Kung-Fu Heroes (USA),超级中国人
Kunio-kun no Nekketsu Soccer League (Japan),国夫君的热血足球联盟
Kurogane Hiroshi no Yosou Daisuki! - Kachiuma Densetsu (Japan),胜马传说
Kyonshiizu 2 (Japan),僵尸小子2
Kyoro-chan Land (Japan),格斗高塔
Kyoto Hana no Misshitsu Satsujin Jiken (Japan),山村美纱-京都花之密室杀人事件
Kyoto Ryuu no Tera Satsujin Jiken (Japan),山村美纱推理游戏-京都龙之寺杀人事件
Kyouryuu Sentai Zyuranger (Japan),恐龙战队
Kyuukyoku Harikiri Koushien (Japan),究极甲子园
Kyuukyoku Harikiri Stadium (Japan),究极棒球
Kyuukyoku Harikiri Stadium - '88 Senshu Shin Data Version (Japan),究极棒球'88
Kyuukyoku Harikiri Stadium - Heisei Gannen Ban (Japan),究极棒球平成元年版
Kyuukyoku Harikiri Stadium III (Japan),究极棒球3
Kyuukyoku Tiger (Japan),究极虎
Labyrinth (Japan),魔王迷宫
Lagrange Point (Japan),宇宙抗暴军
Lasalle Ishii no Child's Quest (Japan),孩子的冒险
Laser Invasion (USA),救难任务
Last Action Hero (USA),最后魔鬼英雄
Last Armageddon (Japan),末日战记
"Last Ninja, The (USA)",最后之忍者
"Last Starfighter, The (USA)",最后之星际战机
Law of the West (Japan),西部警长
Layla (Japan),女超人蕾拉
Lee Trevino's Fighting Golf (Europe),战斗高尔夫
Lee Trevino's Fighting Golf (USA),战斗高尔夫
Legacy of the Wizard (USA),屠龙剑4
"Legend of Kage, The (USA)",影子传说
"Legend of Kage, The (USA) (Virtual Console)",影子传说
"Legend of Prince Valiant, The (Europe)",英勇王子传说
"Legend of Zelda, The (Europe)",塞尔达传说
"Legend of Zelda, The (Europe) (Rev 1)",塞尔达传说
"Legend of Zelda, The (Europe) (Rev 1) (Virtual Console)",塞尔达传说
"Legend of Zelda, The (USA)",塞尔达传说
"Legend of Zelda, The (USA) (Rev 1)",塞尔达传说
"Legend of Zelda, The (USA) (Rev 1) (Virtual Console)",塞尔达传说
Legendary Wings (USA),传说之翼
Legends of the Diamond - The Baseball Championship Game (USA),万岱棒球-钻石传奇
Lemmings (Europe),百战小旅鼠
Lemmings (USA),百战小旅鼠
Lethal Weapon (Europe),致命武器
Lethal Weapon (USA),致命武器
Life Force (USA),沙罗曼蛇
Life Force (USA) (Rev 1) (Virtual Console),沙罗曼蛇
Life Force - Salamander (Europe),沙罗曼蛇
Life Force - Salamander (Europe) (Virtual Console),沙罗曼蛇
"Lion King, The (Europe)",狮子王
Little League Baseball - Championship Series (USA),世界少棒联盟-联盟冠军赛
Little Magic (Japan),超魔兽大战
Little Mermaid - Ningyo Hime (Japan),小美人鱼
"Little Mermaid, The (USA)",小美人鱼
Little Nemo - The Dream Master (Europe),尼莫-睡衣英雄
Little Nemo - The Dream Master (USA),尼莫-睡衣英雄
Little Ninja Brothers (Europe),超级中国人2
Little Ninja Brothers (USA),超级中国人2
Little Samson (Europe),圣铃传说
Little Samson (USA),圣铃传说
Lode Runner (Japan),掏金者
Lode Runner (Japan) (Virtual Console),掏金者
Lode Runner (USA),掏金者
"Lode Runner (USA, Europe) (Virtual Console)",掏金者
"Lone Ranger, The (USA)",独行侠
Loopz (USA),水管工人
"Lord of King, The (Japan)",战王之王
Lost Word of Jenny - Ushinawareta Message (Japan),珍妮-失去的消息
Lot Lot (Japan),钢珠大战
Low G Man - The Low Gravity Man (Europe),反重力战士
Low G Man - The Low Gravity Man (USA),反重力战士
Lunar Ball (Japan),银河撞球
Lunar Pool (Europe),银河撞球
Lunar Pool (USA),银河撞球
Lupin Sansei - Pandora no Isan (Japan),鲁邦三世-潘朵拉的遗产
M.C. Kids (USA),麦当劳小子
M.U.L.E. (USA),骡子大作战
M.U.S.C.L.E. - Tag Team Match (USA),金肉人摔角
Mach Rider (Europe),超音速机车赛
Mach Rider (Europe) (Virtual Console),超音速机车赛
"Mach Rider (Japan, USA) (En)",超音速机车赛
"Mach Rider (Japan, USA) (En) (Rev 1)",超音速机车赛
"Mach Rider (Japan, USA) (En) (Rev 1) (Virtual Console)",超音速机车赛
"Mach Rider (Japan, USA) (En) (Virtual Console)",超音速机车赛
Mad City (Japan),鳄鱼先生
Mad City (Japan) (Virtual Console),鳄鱼先生
Mad Max (USA),冲锋飞车队
Madoola no Tsubasa (Japan),玛多拉之翼
"Mafat Conspiracy, The (USA)",伊卡路斯之谜
"Magic Candle, The (Japan)",魔法之烛
Magic Darts (Japan),魔术飞镖
Magic Darts (USA),魔术飞镖
Magic John (Japan),魔法约翰
Magic Johnson's Fast Break (USA),魔术强森之快攻篮球
"Magic of Scheherazade, The (USA)",天方夜谭之魔法世界
Magical Kid's Doropie (Japan),小魔女皮皮
Magical Taruruuto-kun - Fantastic World!! (Japan),小魔星达鲁鲁
Magical Taruruuto-kun - Fantastic World!! (Japan) (Rev 1),小魔星达鲁鲁
Magical Taruruuto-kun 2 - Mahou Daibouken (Japan),小魔星达鲁鲁2
Magician (USA),魔法师
Magmax (Japan),组合金刚
Magmax (USA),组合金刚
Magnum Kikiippatsu - Empire City - 1931 (Japan),帝国城市1931
Maharaja (Japan),印度大君
Mahjong (Japan),任天堂麻将
Mahjong (Japan) (Rev 1),任天堂麻将
Mahjong (Japan) (Rev 2),任天堂麻将
Mahjong Club Nagatachou - Sousaisen (Japan),麻将俱乐部
Mahjong RPG Dora Dora Dora (Japan),麻将王牌RPG
Mahjong Taikai (Japan),麻将大会
Mahjong Taisen (Japan),麻将大战
Mahou no Princess Minky Momo - Remember Dream (Japan),魔法公主明琪桃子-记住梦想
Maison Ikkoku (Japan),相聚一刻
Majaventure - Mahjong Senki (Japan),麻将战记
Major League (Japan),大联盟棒球
Major League Baseball (USA),美国职业棒球联盟
Major League Baseball (USA) (Rev 1),美国职业棒球联盟
Majou Densetsu II - Daimashikyou Galious (Japan),魔城传说2-大魔司教
Makaimura (Japan),魔界村
Maniac Mansion (Europe),疯狂大楼
Maniac Mansion (France),疯狂大楼
Maniac Mansion (Germany),疯狂大楼
Maniac Mansion (Italy),疯狂大楼
Maniac Mansion (Japan),疯狂大楼
Maniac Mansion (Spain),疯狂大楼
Maniac Mansion (Sweden),疯狂大楼
Maniac Mansion (USA),疯狂大楼
Mappy (Japan),猫鼠大战
"Mappy (World) (Namcot Collection, Namco Museum Archives Vol 1)",猫鼠大战
Mappy Kids (Japan),猫鼠小子
Mappy-Land (Japan),猫鼠世界
Mappy-Land (USA),猫鼠世界
"Mappy-Land (USA, Europe) (Virtual Console)",猫鼠世界
Marble Madness (Europe),疯狂石球
Marble Madness (USA),疯狂石球
Mario & Yoshi (Europe),马里奥与耀西
Mario Bros. (World),马里奥兄弟
Mario Open Golf (Japan),马里奥高尔夫公开赛
Mario Open Golf (Japan) (Rev 1),马里奥高尔夫公开赛
Mario Open Golf (Japan) (Rev 1) (Virtual Console),马里奥高尔夫公开赛
Mario is Missing! (Europe),失踪马里奥
Mario is Missing! (USA),失踪马里奥
Mario's Time Machine (USA),马里奥的时光机器
Marusa no Onna (Japan),玛尔莎之女
Mashin Eiyuuden Wataru Gaiden (Japan),魔神英雄伝外传
Mashou (Japan),魔钟
Masuzoe Youichi - Asa Made Famicom (Japan),舛添要一
Matendouji (Japan),魔天童子
Matsumoto Tooru no Kabushiki Hisshou Gaku (Japan),松本亨经营必胜学
Matsumoto Tooru no Kabushiki Hisshou Gaku - Part II (Japan),松本亨经营必胜学2
Max Warrior - Wakusei Kaigenrei (Japan),马克司战士-惑星戒严令
McDonaldland (Europe),麦当劳小子
McDonaldland (France),麦当劳小子
Mechanized Attack (USA),机动突袭
Mega Man (Europe),洛克人
Mega Man (USA),洛克人
Mega Man (USA) (Virtual Console),洛克人
Mega Man (World) (Mega Man Legacy Collection),洛克人
Mega Man 2 (Europe),洛克人2-威利博士之谜
Mega Man 2 (Europe) (Virtual Console),洛克人2-威利博士之谜
Mega Man 2 (USA),洛克人2-威利博士之谜
Mega Man 2 (USA) (Virtual Console),洛克人2-威利博士之谜
Mega Man 2 (World) (Mega Man Legacy Collection),洛克人2-威利博士之谜
Mega Man 3 (Europe),洛克人3-威利博士之死期
Mega Man 3 (Europe) (Rev 1),洛克人3-威利博士之死期
Mega Man 3 (Europe) (Rev 1) (Virtual Console),洛克人3-威利博士之死期
Mega Man 3 (USA),洛克人3-威利博士之死期
Mega Man 3 (USA) (Virtual Console),洛克人3-威利博士之死期
Mega Man 3 (World) (Mega Man Legacy Collection),洛克人3-威利博士之死期
Mega Man 4 (Europe),洛克人4-新的野心
Mega Man 4 (Europe) (Virtual Console),洛克人4-新的野心
Mega Man 4 (USA),洛克人4-新的野心
Mega Man 4 (USA) (Rev 1),洛克人4-新的野心
Mega Man 4 (USA) (Virtual Console),洛克人4-新的野心
Mega Man 4 (World) (Mega Man Legacy Collection),洛克人4-新的野心
Mega Man 5 (Europe),洛克人5-布鲁斯的圈套
Mega Man 5 (Europe) (Virtual Console),洛克人5-布鲁斯的圈套
Mega Man 5 (USA),洛克人5-布鲁斯的圈套
Mega Man 5 (USA) (Virtual Console),洛克人5-布鲁斯的圈套
Mega Man 5 (World) (Mega Man Legacy Collection),洛克人5-布鲁斯的圈套
Mega Man 6 (USA),洛克人6-史上最大之战斗
Mega Man 6 (World) (Mega Man Legacy Collection),洛克人6-史上最大之战斗
Meiji Ishin (Japan),明治维新
Meikyuu Kumikyoku - Milon no Daibouken (Japan),迷宫组曲-米隆的城堡冒险
Meikyuu Kumikyoku - Milon no Daibouken (Japan) (Virtual Console),迷宫组曲-米隆的城堡冒险
Meikyuu no Tatsujin - Daimeiro (Japan),大迷路-迷宫达人
Meikyuu-jima (Japan),迷宫岛
Meimon! Daisan Yakyuubu (Japan),第三野球部
Meimon! Takonishi Ouendan - Kouha 6 Nin Shuu (Japan),名门！多古西应援团-硬派六人众
Meitantei Holmes - Kiri no London Satsujin Jiken (Japan),名侦探霍姆斯-雾之伦敦杀人事件
Meitantei Holmes - M kara no Chousenjou (Japan),名侦探福尔摩斯-谜之挑战状
Mendel Palace (USA),解谜大作战
Metal Flame - Psy Buster (Japan),金属装甲
Metal Gear (Europe),合金装备
Metal Gear (Japan),合金装备
Metal Gear (Japan) (Metal Gear Solid Collection),合金装备
Metal Gear (USA),合金装备
Metal Gear (USA) (Metal Gear Solid Collection),合金装备
Metal Max (Japan),坦克战记
Metal Max (Japan) (Virtual Console),坦克战记
Metal Slader Glory (Japan),史莱德装甲之荣耀
Metal Slader Glory (Japan) (Virtual Console),史莱德装甲之荣耀
Metal Storm (USA),重力装甲
MetalMech - Man & Machine (USA),金属机甲-人与机器
Metro-Cross (Japan),地下铁大暴走
Metro-Cross (Japan) (Namcot Collection),地下铁大暴走
Metroid (Europe),银河战士
Metroid (Europe) (Virtual Console),银河战士
Metroid (USA),银河战士
Metroid (USA) (Virtual Console),银河战士
Mezase Pachi Pro - Pachio-kun (Japan),帕青哥君
Mezase! Top Pro - Green ni Kakeru Yume (Japan),职业高尔夫球
Michael Andretti's World GP (USA),麦可安德瑞提之世界格兰披治大赛车
Mickey Mouse - Fushigi no Kuni no Daibouken (Japan) (En),米老鼠-不可思议之国的大冒险
Mickey Mouse III - Yume Fuusen (Japan),米老鼠3
Mickey Mousecapade (USA),米老鼠
Mickey's Adventure in Numberland (USA),米老鼠之数字岛大冒险
Mickey's Safari in Letterland (USA),米老鼠之字母岛大冒险
Might & Magic - Secret of the Inner Sanctum (USA),魔法门-心灵圣地之谜
Might and Magic - Book One - Secret of the Inner Sanctum (Japan),魔法门-心灵圣地之谜
Mighty Bomb Jack (Europe),爆裂杰克
Mighty Bomb Jack (Japan),爆裂杰克
Mighty Bomb Jack (Japan) (Rev 1),爆裂杰克
Mighty Bomb Jack (Japan) (Rev 1) (Virtual Console),爆裂杰克
Mighty Bomb Jack (USA),爆裂杰克
Mighty Final Fight (Europe),SD街头快打
Mighty Final Fight (Japan),SD街头快打
Mighty Final Fight (USA),SD街头快打
Mike Tyson's Punch-Out!! (Europe),迈克·泰森的拳无虚发
Mike Tyson's Punch-Out!! (Europe) (Rev 1),迈克·泰森的拳无虚发
"Mike Tyson's Punch-Out!! (Japan, USA) (En)",迈克·泰森的拳无虚发
"Mike Tyson's Punch-Out!! (Japan, USA) (En) (Rev 1)",迈克·泰森的拳无虚发
Millipede (USA),杀虫大战
Millipede - Kyodai Konchuu no Gyakushuu (Japan),千足虫-昆虫的逆袭
Milon's Secret Castle (USA),迷宫组曲
Milon's Secret Castle (USA) (Virtual Console),迷宫组曲
Mindseeker (Japan),超能力行者
Minelvaton Saga - Ragon no Fukkatsu (Japan),王子复国记
Mini-Putt (Japan),迷你高尔夫球
Minna no Taabou no Nakayoshi Daisakusen (Japan),友情大作战
Minna no Taabou no Nakayoshi Daisakusen (Japan) (Rev 1),友情大作战
"Miracle Piano Teaching System, The (France)",神奇钢琴教学系统
"Miracle Piano Teaching System, The (Germany)",神奇钢琴教学系统
"Miracle Piano Teaching System, The (USA)",神奇钢琴教学系统
"Miracle Piano Teaching System, The (United Kingdom)",神奇钢琴教学系统
Miracle Ropit's - 2100 Nen no Daibouken (Japan),奇迹罗比特-2100年的大冒险
Mirai Shinwa Jarvas (Japan),未来神话
Mission - Impossible (Europe),碟中谍
Mission - Impossible (France),碟中谍
Mission - Impossible (USA),碟中谍
Mississippi Satsujin Jiken (Japan),密西西比杀人事件
Mississippi Satsujin Jiken (Japan) (Rev 1),密西西比杀人事件
Mito Koumon - Sekai Manyuu Ki (Japan),水户黄门-世界漫游记
Mitsume ga Tooru (Japan),三眼神童
Mizushima Shinji no Daikoushien (Japan),水岛新司的大甲子园
Moai-kun (Japan),摩艾君
Moe Pro! '90 - Kandou Hen (Japan),燃烧职业棒球'90-感动篇
Moe Pro! - Saikyou Hen (Japan),燃烧职业棒球-最强篇
Moero TwinBee - Cinnamon Hakase o Sukue! (Japan),兵蜂2-拯救西那蒙博士
Moero TwinBee - Cinnamon Hakase o Sukue! (Japan) (Virtual Console),兵蜂2-拯救西那蒙博士
Moero!! Junior Basket - Two on Two (Japan),燃烧篮球
Moero!! Juudou Warriors (Japan),燃烧柔道战士
Moero!! Pro Soccer (Japan),燃烧职业足球
Moero!! Pro Tennis (Japan),燃烧职业网球
Moero!! Pro Yakyuu '88 - Ketteiban (Japan),燃烧职业棒球'88-决定版
Moero!! Pro Yakyuu (Japan),燃烧职业棒球
Moero!! Pro Yakyuu (Japan) (Rev 1),燃烧职业棒球
Moero!! Pro Yakyuu (Japan) (Rev 2),燃烧职业棒球
Moero!! Pro Yakyuu (Japan) (Rev 3),燃烧职业棒球
Moero!! Pro Yakyuu (Japan) (Rev 3) (Virtual Console),燃烧职业棒球
Moeru! Oniisan (Japan),深山原始人
Momotarou Densetsu (Japan),桃太郎传说
Momotarou Densetsu Gaiden (Japan),桃太郎传说外传
Momotarou Dentetsu (Japan),桃太郎电铁
"Money Game II, The - Kabutochou no Kiseki (Japan)",金钱游戏2
"Money Game, The (Japan)",金钱游戏
Monopoly (France),大富翁
Monopoly (Germany),大富翁
Monopoly (Japan),大富翁
Monopoly (USA),大富翁
Monster Maker - 7 Tsu no Hihou (Japan),怪兽制造场-七秘宝
Monster Party (USA),怪兽派对
Monster Truck Rally (USA),大卡车越野赛
Monster in My Pocket (Europe),口袋怪物大进击
Monster in My Pocket (USA),口袋怪物大进击
Moon Crystal (Japan),月之水晶
Morita Shougi (Japan),森田将棋
Mother (Japan),地球冒险
Mother (Japan) (Virtual Console),地球冒险
Motocross Champion (Japan),摩托车越野锦标赛
Motor City Patrol (USA),都市赛车
Mottomo Abunai Deka (Japan),危险刑警
Moulin Rouge Senki - Melville no Honoo (Japan),红磨坊战记
Mouryou Senki Madara (Japan),魍魉战记
Mr. Gimmick (Europe),吉米克先生
Ms. Pac-Man (USA) (Namco),小精灵小姐
Mugen Senshi Valis (Japan),梦幻战士
Muppet Adventure - Chaos at the Carnival (USA),布偶大冒险-混乱狂欢节
Murder Club - Honkaku Mystery Adventure (Japan),谋杀之谜冒险
Musashi no Bouken (Japan),武藏冒险
Musashi no Ken - Tadaima Shugyou Chuu (Japan),六三四之剑
"Mutant Virus, The - Crisis in a Computer World (USA)",突变病毒
My Life My Love - Boku no Yume - Watashi no Negai (Japan),我的人生我的爱-我的梦想及愿望
Mystery Quest (USA),秘密大探索
NARC (USA),缉毒特警
NES Open Tournament Golf (Europe),马里奥高尔夫公开赛
NES Open Tournament Golf (Europe) (Virtual Console),马里奥高尔夫公开赛
NES Open Tournament Golf (USA),马里奥高尔夫公开赛
NES Open Tournament Golf (USA) (Virtual Console),马里奥高尔夫公开赛
NES Play Action Football (USA),任天堂美式足球
NES Play Action Football (USA) (Virtual Console),任天堂美式足球
NFL (USA),全美美式足球联盟
NHK Gakuen - Space School - Sansu 6 Nen (Ge) (Japan),NHK学园-算术六年级下
Nagagutsu o Haita Neko - Sekai Isshuu 80 Nichi Daibouken (Japan),长靴猫-环游世界八十天
Nakajima Satoru - F-1 Hero (Japan),中岛悟-F-1英雄
Nakajima Satoru Kanshuu - F-1 Hero 2 (Japan),中嶋悟監修F1英雄2
Nakayoshi to Issho (Japan),友情物语
Namco Classic (Japan),拿姆科高尔夫
Namco Classic II (Japan),拿姆科高尔夫2
Namco Classic II (Japan) (Namcot Collection),拿姆科高尔夫2
Namco Prism Zone - Dream Master (Japan),梦境之王
Namcot Mahjong III - Mahjong Tengoku (Japan),拿姆科麻将3-麻将天国
Nangoku Shirei!! - Spy vs Spy (Japan),谍对谍-南国指令
Nantettatte!! Baseball (Japan),星光棒球
Nantettatte!! Baseball + Nantettatte!! Baseball - Ko-Game Cassette - '91 Kaimaku Hen (Japan),南特塔特棒球91
Nantettatte!! Baseball + Nantettatte!! Baseball - Ko-Game Cassette - OB All Star Hen (Japan),南特塔特棒球全明星
Napoleon Senki (Japan),拿破仑战记
Navy Blue (Japan),大海战
Nekketsu Kakutou Densetsu (Japan),热血格斗传说
Nekketsu Kouha Kunio-kun (Japan),热血硬派
Nekketsu Kouha Kunio-kun (Japan) (Virtual Console),热血硬派
Nekketsu Koukou Dodgeball-bu (Japan),热血高校躲避球部
Nekketsu Koukou Dodgeball-bu (Japan) (Virtual Console),热血高校躲避球部
Nekketsu Koukou Dodgeball-bu - Soccer Hen (Japan),热血高校躲避球部-足球篇
Nekketsu Koukou Dodgeball-bu - Soccer Hen (Japan) (Virtual Console),热血高校躲避球部-足球篇
Nekketsu! Street Basket - Ganbare Dunk Heroes (Japan),热血街头篮球
New Ghostbusters II (Europe),新魔鬼克星2
New Ghostbusters II (Japan),新魔鬼克星2
New York Nyankies (Japan),纽约摇滚猫
"NewZealand Story, The (Europe)",新西兰故事
Nichibutsu Mahjong III - Mahjong G Men (Japan),物产麻将3
"Nigel Mansell's World Championship (Europe) (En,Fr,De,Es,It)",奈杰尔·曼塞尔世界锦标赛
Nigel Mansell's World Championship Racing (USA),尼基曼赛尔之世界冠军挑战赛
"Nightmare on Elm Street, A (USA)",半夜鬼上床
Nightshade (USA),百花百狼
Nihonichi no Mei Kantoku (Japan),日本第一棒球名监督
Niji no Silk Road (Japan),彩虹丝路
Ninja Cop Saizou (Japan),忍者警察
Ninja Crusaders (USA),忍者使徒-龙牙
Ninja Crusaders - Ryuuga (Japan),忍者使徒-龙牙
Ninja Gaiden (USA),忍者龙剑传
Ninja Gaiden II - The Dark Sword of Chaos (USA),忍者龙剑传2
Ninja Gaiden II - The Dark Sword of Chaos (USA) (Virtual Console),忍者龙剑传2
Ninja Gaiden III - The Ancient Ship of Doom (USA),忍者龙剑传3
Ninja Gaiden III - The Ancient Ship of Doom (USA) (Wii U Virtual Console),忍者龙剑传3
Ninja Gaiden III - The Ancient Ship of Doom (USA) (Wii Virtual Console),忍者龙剑传3
Ninja Hattori-kun - Ninja wa Syugyou de Gozaru no Maki (Japan),忍者哈特君
Ninja Jajamaru - Ginga Daisakusen (Japan),忍者茶茶丸-银河大作战
Ninja Jajamaru-kun (Japan),忍者茶茶丸
Ninja Jajamaru-kun (World) (Ja) (Virtual Console),忍者茶茶丸
Ninja Kid (USA),忍者小子
Ninja Ryuuken Den (Japan),忍者龙剑传
Ninja Ryuuken Den (Japan) (Wii U Virtual Console),忍者龙剑传
Ninja Ryuuken Den (Japan) (Wii Virtual Console),忍者龙剑传
Ninja Ryuuken Den II - Ankoku no Jashin Ken (Japan),忍者龙剑传2
Ninja Ryuuken Den III - Yomi no Hakobune (Japan),忍者龙剑传3
Ninja-kun - Ashura no Shou (Japan),忍者君-阿修罗之章
Ninja-kun - Majou no Bouken (Japan),忍者君-魔城的冒险
Ninja-kun - Majou no Bouken (Japan) (Rev 1),忍者君-魔城的冒险
Ninjara Hoi! (Japan),忍者传说
Nintendo World Cup (Europe),热血足球联盟
Nintendo World Cup (Europe) (Rev 1),热血足球联盟
Nintendo World Cup (Europe) (Rev 2),热血足球联盟
Nintendo World Cup (USA),热血足球联盟
Nintendo World Cup (USA) (Rev 1),热血足球联盟
Nishimura Kyoutarou Mystery - Blue Train Satsujin Jiken (Japan),西村京太郎之推理世界-蓝色列车杀人事件
Nishimura Kyoutarou Mystery - Super Express Satsujin Jiken (Japan),西村京太郎之推理世界-特急列车杀人事件
Noah's Ark (Europe),诺亚方舟
Nobunaga no Yabou - Bushou Fuuun Roku (Japan),信长之野望-武将风云录
Nobunaga no Yabou - Bushou Fuuun Roku (Japan) (Rev 1),信长之野望-武将风云录
Nobunaga no Yabou - Sengoku Gunyuuden (Japan),信长野望-战国群雄传
Nobunaga no Yabou - Sengoku Gunyuuden (Japan) (Rev 1),信长野望-战国群雄传
Nobunaga no Yabou - Zenkoku Ban (Japan),信长之野望-全国版
Nobunaga no Yabou - Zenkoku Ban (Japan) (Rev 1),信长之野望-全国版
Nobunaga's Ambition (USA),信长之野望-全国版
Nobunaga's Ambition II (USA),信长野望-战国群雄传
North & South (Europe),南北战争
North & South - Wakuwaku Nanboku Sensou (Japan),南北战争
North and South (USA),南北战争
Nuts & Milk (Japan),爱的小屋
Obake no Q Tarou - Wanwan Panic (Japan),Q太郎-汪汪恐慌
Obocchama-kun (Japan),少爷历险记
Oeka Kids - Anpanman no Hiragana Daisuki (Japan),绘图小子-面包超人之最爱平假名
Oeka Kids - Anpanman to Oekaki Shiyou!! (Japan),绘图小子-面包超人之绘图小子
Oishinbo - Kyuukyoku no Menu Sanbon Shoubu (Japan),美味之旅：究极菜单三本胜负
Okkotoshi Puzzle - Tonjan! (Japan),小猪仓库番
Olympus no Tatakai (Japan),奥林帕斯之战
Onyanko Town (Japan),猫咪小镇
Operation Wolf (Europe),野狼行动
Operation Wolf (Japan),野狼行动
Operation Wolf (USA),野狼行动
Orb-3D (USA),3D天体
Osomatsu-kun - Back to the Me no Deppa no Maki (Japan),穿越的阿松
Otaku no Seiza - An Adventure in the Otaku Galaxy (Japan),星座爱好者-星系迷的大冒险
Othello (Japan),欢乐五子棋
Othello (USA),欢乐五子棋
Outlanders (Japan),风神战士
Over Horizon (Europe),超越地平线
Over Horizon (Japan),超越地平线
Overlord (USA),领主之战
P.O.W. - Prisoners of War (Europe),脱狱
P.O.W. - Prisoners of War (USA),脱狱
Pac-Land (Japan),吃豆人大陆
"Pac-Land (World) (Namcot Collection, Namco Museum Archives Vol 2)",吃豆人大陆
Pac-Man (Europe),吃豆人
Pac-Man (Japan) (En),吃豆人
Pac-Man (Japan) (En) (Rev 1),吃豆人
Pac-Man (Japan) (En) (Rev 2),吃豆人
Pac-Man (USA) (Namco),吃豆人
Pac-Man (USA) (Namco) (Virtual Console),吃豆人
Pac-Man (USA) (Tengen),吃豆人
"Pac-Man (World) (Rev 1) (Namcot Collection, Namco Museum Archives Vol 1)",吃豆人
Pac-Man - Championship Edition (Japan) (En) (Namcot Collection),吃豆人-冠军版
Pachi-Slot Adventure 2 - Sorotta-kun no Pachi-Slot Tanteidan (Japan),柏青哥大冒险2
Pachi-Slot Adventure 3 - Bitaoshii 7 Kenzan! (Japan),帕青哥大冒险3
Pachicom (Japan),弹珠机
Pachinko Daisakusen (Japan),帕青哥大作战
Pachinko Daisakusen 2 (Japan),帕青哥大作战2
Pachio-kun 2 (Japan),柏青哥君2
Pachio-kun 3 (Japan),柏青哥君3
Pachio-kun 3 (Japan) (Rev 1),柏青哥君3
Pachio-kun 4 (Japan),柏青哥君4
Pachio-kun 5 (Japan),柏青哥君5
Pajama Hero - Nemo (Japan),尼莫-睡衣英雄
Palamedes (Japan),智慧方块
Palamedes (USA),智慧方块
"Palamedes II - Star Twinkle, Hoshi no Mabataki (Japan)",含冤2-明星闪耀
Panic Restaurant (Europe),超级厨师之美食家世界
Panic Restaurant (USA),超级厨师之美食家世界
Paperboy (Europe),送报童
Paperboy (Japan),送报童
Paperboy (USA),送报童
Paperboy 2 (Europe),送报童2
Paperboy 2 (USA),送报童2
Parallel World (Japan),平行世界
Parasol Henbee (Japan),阳伞哈比
Parasol Stars - Rainbow Islands II (Europe),遮阳伞之星-彩虹岛2
Paris-Dakar Rally Special (Japan),巴黎达卡越野赛车特别版
Parodius (Europe),Q版沙罗曼蛇
Parodius Da! (Japan),Q版沙罗曼蛇
Peepar Time (Japan),休息时间
Penguin-kun Wars (Japan),企鹅君大战
Pennant League!! - Home Run Nighter (Japan),家庭晚间棒球大赛
"Pennant League, The - Home Run Nighter '90 (Japan)",家庭晚间棒球大赛90
Perfect Bowling (Japan),完美保龄球
Perman (Japan),小超人帕门
Perman Part 2 - Himitsu Kessha Madoodan o Taose! (Japan),小超人帕门2
Phantom Air Mission (Spain) (En),捍卫入侵者
Phantom Fighter (USA),灵幻道士
Pictionary - The Game of Video Quick Draw (USA),看图猜字
Pin Bot (Europe),星际弹珠台
Pin Bot (USA),星际弹珠台
"Pinball (Europe, Asia) (En)",任天堂弹珠台
"Pinball (Japan, USA) (En)",任天堂弹珠台
Pinball Quest (Australia),弹珠台高手
Pinball Quest (Japan),弹珠台高手
Pinball Quest (USA),弹珠台高手
Pipe Dream (USA),水管狂想曲
Pirates! (Europe),海盗
Pirates! (Germany),海盗
Pirates! (USA),海盗
Pizza Pop! (Japan),披萨小子
Plasma Ball (Japan),等离子魔球
Platoon (USA),前进高棉
Platoon (USA) (Rev 1),前进高棉
Playbox BASIC (Japan),家庭BASIC
Pocket Zaurus - Juu Ouken no Nazo (Japan),十王剑之谜
Pooyan (Japan),三只小猪
Popeye (Japan),大力水手
Popeye (World) (Rev 1),大力水手
Popeye no Eigo Asobi (Japan),大力水手之字母游戏
Portopia Renzoku Satsujin Jiken (Japan),波多比亚连续杀人事件
Power Blade (Europe),刀锋斗士
Power Blade (USA),刀锋斗士
Power Blade 2 (USA),刀锋斗士2
Power Blazer (Japan),能量战士
Power Punch II (USA),威力拳击2
Power Soccer (Japan),威力足球
Predator (Australia),终极战士
Predator (Japan),终极战士
Predator (USA),终极战士
President no Sentaku (Japan),总统的选择
Prince of Persia (Europe),波斯王子
Prince of Persia (France),波斯王子
Prince of Persia (Germany),波斯王子
Prince of Persia (Spain),波斯王子
Prince of Persia (USA),波斯王子
Princess Tomato in the Salad Kingdom (USA),沙拉王国的蕃茄公主
Princess Tomato in the Salad Kingdom (USA) (Virtual Console),沙拉王国的蕃茄公主
Pro Sport Hockey (USA),美国冰上曲棍球
Pro Wrestling (Europe),美国职业摔角
Pro Wrestling (USA),美国职业摔角
Pro Wrestling (USA) (Rev 1),美国职业摔角
Pro Yakyuu - Family Stadium '87 (Japan),拿姆科职业棒球'87
Pro Yakyuu - Family Stadium '88 (Japan),拿姆科职业棒球'88
Pro Yakyuu - Family Stadium (Japan),拿姆科职业棒球
Pro Yakyuu Satsujin Jiken! (Japan),职业野球杀人事件
Probotector (Europe),魂斗罗-机器人版
Probotector II - Return of the Evil Forces (Europe),魂斗罗2-机器人版
Probotector II - Return of the Evil Forces (World) (Contra Anniversary Collection),魂斗罗2-机器人版
Project Q (Japan),Q计划
Punch-Out!! (Europe),拳无虚发
Punch-Out!! (Europe) (Virtual Console),拳无虚发
"Punch-Out!! (Japan, USA) (En) (Virtual Console)",拳无虚发
Punch-Out!! (USA),拳无虚发
"Punisher, The (USA)",惩罚者
Puss 'n Boots - Pero's Great Adventure (USA),穿长靴的猫
Puyo Puyo (Japan),魔法气泡
Puzslot (Japan),水果方块
Puzznic (Europe),钻石方块
Puzznic (Japan),钻石方块
Puzznic (USA),钻石方块
Pyokotan no Daimeiro (Japan),小兔大迷路
Q-bert (USA),Q伯特
QIX (USA),离子射线
Quarter Back Scramble (Japan),美式足球-四分卫争霸战
Quarth (Japan),射击方块
Quinty (Japan),解谜大作战
Quinty (Japan) (Namcot Collection),解谜大作战
R.B.I. Baseball (USA),RBI棒球
R.C. Pro-Am (Europe),遥控车混合赛
R.C. Pro-Am (Europe) (Rev 1),遥控车混合赛
R.C. Pro-Am (USA),遥控车混合赛
R.C. Pro-Am (USA) (Rev 1),遥控车混合赛
R.C. Pro-Am II (Europe),遥控车混合赛2
R.C. Pro-Am II (USA),遥控车混合赛2
RPG Jinsei Game (Japan),RPG人生游戏
Racer Mini Yonku - Japan Cup (Japan),日本杯迷你四驱车竞赛
Racket Attack (Europe),燃烧职业网球
Racket Attack (USA),燃烧职业网球
Rackets & Rivals (Europe),网球联赛
Rad Racer (Europe),公路之星
Rad Racer (USA),公路之星
Rad Racer II (USA),公路之星2
Radac Tailor-Made (Japan),组装自行车
Radia Senki - Reimei Hen (Japan),拉迪亚战记-黎明篇
Raid on Bungeling Bay (Japan),海湾突袭战
Raid on Bungeling Bay (Japan) (En) (Rev 1),海湾突袭战
Raid on Bungeling Bay (USA),海湾突袭战
Rainbow Islands (USA),彩虹岛
Rainbow Islands - Bubble Bobble 2 (Europe),彩虹岛-泡泡龙2
Rainbow Islands - The Story of Bubble Bobble 2 (Japan),彩虹岛-泡泡龙2
Rally Bike (USA),冲刺野郎
Rambo (Japan),蓝波
Rambo (USA),蓝波
Rambo (USA) (Rev 1),蓝波
Rampage (USA),疯狂大毁灭
Rampart (Europe) (Jaleco),领国战役
Rampart (Japan) (Konami),领国战役
Rampart (USA) (Jaleco),领国战役
Red Arremer II (Japan),红魔鬼2
Reigen Doushi (Japan),灵幻道士
Remote Control (USA),电视问答游戏-遥控
"Ren & Stimpy Show, The - Buckeroo$! (USA)",莱恩和史丁比
Renegade (USA),热血硬派-国雄君
Renegade (USA) (Virtual Console),热血硬派-国雄君
Rescue - The Embassy Mission (Europe),人质大作战-大使馆抢救任务
Rescue - The Embassy Mission (USA),人质大作战-大使馆抢救任务
Ring King (USA),家庭拳击
Ripple Island (Japan),梦幻岛物语
River City Ransom (USA),热血物语
Road Fighter (Europe),马路英雄
Road Fighter (Japan),马路英雄
RoadBlasters (Europe),疾风公路赛
RoadBlasters (USA),疾风公路赛
Robin Hood - Prince of Thieves (Europe),罗宾汉-侠盗王子
Robin Hood - Prince of Thieves (Germany),罗宾汉-侠盗王子
Robin Hood - Prince of Thieves (Spain),罗宾汉-侠盗王子
Robin Hood - Prince of Thieves (USA),罗宾汉-侠盗王子
Robin Hood - Prince of Thieves (USA) (Rev 1),罗宾汉-侠盗王子
Robo Warrior (Europe),机器人战士之王
Robo Warrior (USA),机器人战士之王
RoboCop (Europe),机器战警
RoboCop (Japan),机器战警
RoboCop (USA),机器战警
RoboCop 2 (Europe),机器战警2
RoboCop 2 (Japan),机器战警2
RoboCop 2 (USA),机器战警2
RoboCop 2 (USA) (Rev 1),机器战警2
RoboCop 3 (Europe),机器战警3
RoboCop 3 (USA),机器战警3
Robocco Wars (Japan),机器小子大作战
Rock 'n' Ball (USA),摇滚弹珠台
Rocket Ranger (USA),火箭突击队
"Rocketeer, The (USA)",火箭人
Rockin' Kats (Europe),纽约摇滚猫
Rockin' Kats (USA),纽约摇滚猫
Rockman (Japan) (En),洛克人
Rockman (Japan) (Virtual Console),洛克人
Rockman 2 - Dr. Wily no Nazo (Japan),洛克人2-威利博士之谜
Rockman 2 - Dr. Wily no Nazo (Japan) (Virtual Console),洛克人2-威利博士之谜
Rockman 3 - Dr. Wily no Saigo! (Japan),洛克人3-威利博士之死期
Rockman 3 - Dr. Wily no Saigo! (Japan) (Virtual Console),洛克人3-威利博士之死期
Rockman 4 - Aratanaru Yabou!! (Japan),洛克人4-新的野心
Rockman 4 - Aratanaru Yabou!! (Japan) (Rev 1),洛克人4-新的野心
Rockman 4 - Aratanaru Yabou!! (Japan) (Virtual Console),洛克人4-新的野心
Rockman 5 - Blues no Wana! (Japan),洛克人5-布鲁斯的圈套
Rockman 5 - Blues no Wana! (Japan) (Virtual Console),洛克人5-布鲁斯的圈套
Rockman 6 - Shijou Saidai no Tatakai!! (Japan),洛克人6-史上最大之战斗
Rodland (Europe),妖精物语
Roger Clemens' MVP Baseball (USA),罗杰克莱门斯之MVP棒球
Roger Clemens' MVP Baseball (USA) (Rev 1),罗杰克莱门斯之MVP棒球
Rokudenashi Blues (Japan),铁拳对钢拳
Rollerball (Australia),滚转弹珠台
Rollerball (Japan),滚转弹珠台
Rollerball (USA),滚转弹珠台
Rollerblade Racer (USA),直排轮大挑战
Rollergames (Europe),溜冰大进击
Rollergames (USA),溜冰大进击
Rolling Thunder (Japan),雷霆行动
"Rolling Thunder (World) (Namcot Collection, Namco Museum Archives Vol 2)",雷霆行动
Romance of the Three Kingdoms (USA),三国志
Romance of the Three Kingdoms II (USA),三国志2
Romancia (Japan),爱的罗曼史
Rough World (Japan),星际魂斗罗
Roundball - 2-on-2 Challenge (Europe),二对二篮球挑战赛
Roundball - 2-on-2 Challenge (USA),二对二篮球挑战赛
Route-16 Turbo (Japan),十六干线追逐战
Royal Blood (Japan),欧洲战记
Rush'n Attack (Europe),绿色兵团
Rush'n Attack (USA),绿色兵团
Rygar (Europe),未来战士
Rygar (USA),未来战士
Rygar (USA) (Rev 1),未来战士
S.C.A.T. - Special Cybernetic Attack Team (USA),最终任务
"S.C.A.T. - Special Cybernetic Attack Team (USA, Europe) (Virtual Console)",最终任务
SD Battle Oozumou - Heisei Hero Basho (Japan),SD战斗大相扑-平成英雄场所
SD Gundam - Gachapon Senshi 2 - Capsule Senki (Japan),SD高达2-胶囊战记
SD Gundam - Gachapon Senshi 3 - Eiyuu Senki (Japan),SD高达3-英雄战记
SD Gundam - Gachapon Senshi 4 - NewType Story (Japan),SD高达4-新机种传说
SD Gundam - Gachapon Senshi 5 - Battle of Universal Century (Japan),SD高达5-宇宙世纪之战
SD Gundam Gaiden - Knight Gundam Monogatari (Japan),SD高达外传-骑士高达物语
SD Gundam Gaiden - Knight Gundam Monogatari (Japan) (Rev 1),SD高达外传-骑士高达物语
SD Gundam Gaiden - Knight Gundam Monogatari 2 - Hikari no Knight (Japan),SD高达外传-骑士高达物语2
SD Gundam Gaiden - Knight Gundam Monogatari 3 - Densetsu no Kishi Dan (Japan),SD高达外传-骑士高达物语3
SD Hero Soukessen - Taose! Aku no Gundan (Japan),SD英雄总决战-打倒恶之军团
SD Keiji - Blader (Japan),SD刑警-布雷达
SD Sengoku Bushou Retsuden (Japan),SD战国武将列传
STED - Iseki Wakusei no Yabou (Japan),STED-遗迹惑星之野望
SWAT - Special Weapons and Tactics (Japan),反恐特警组
Saint Seiya - Ougon Densetsu (Japan),圣斗士星矢-黄金传说
Saint Seiya - Ougon Densetsu Kanketsu Hen (Japan),圣斗士星矢-黄金传说完结篇
Saiyuuki World (Japan),西游记世界
Saiyuuki World 2 - Tenjoukai no Majin (Japan),西游记世界2-天上界的魔神
Sakigake!! Otoko Juku - Shippuu Ichi Gou Sei (Japan),魁！男塾-疾风一号生
Salad no Kuni no Tomato Hime (Japan),沙拉王国的蕃茄公主
Salad no Kuni no Tomato Hime (Japan) (Virtual Console),沙拉王国的蕃茄公主
Salamander (Japan),沙罗曼蛇
Samsara Naga (Japan),轮回娜迦
Sanada Juu Yuushi (Japan),真田十勇士
Sangokushi (Japan),三国志
Sangokushi (Japan) (Rev 1),三国志
Sangokushi - Chuugen no Hasha (Japan),三国志-中原的霸者
Sangokushi II (Japan),三国志2
Sangokushi II (Japan) (Rev 1),三国志2
Sangokushi II - Haou no Tairiku (Japan),三国志2-霸王的大陆
Sanma no Meitantei (Japan),名侦探秋刀鱼
Sanrio Carnival (Japan),卡通明星嘉年华
Sanrio Carnival 2 (Japan),卡通明星嘉年华2
Sanrio Cup - Pon Pon Volley (Japan),卡通明星杯-碰碰排球
Sansuu 1 Nen - Keisan Game (Japan),算术一年级-计算游戏
Sansuu 2 Nen - Keisan Game (Japan),算术二年级-计算游戏
Sansuu 3 Nen - Keisan Game (Japan),算术三年级-计算游戏
Sansuu 4 Nen - Keisan Game (Japan),算术四年级-计算游戏
Sansuu 5 & 6 Nen - Keisan Game (Japan),数学5、6年级
Satomi Hakkenden (Japan),里见八犬传
Satsui no Kaisou - Soft House Renzoku Satsujin Jiken (Japan),杀意的阶层
Section-Z (Europe),Z基地
Section-Z (USA),Z基地
Seicross (Japan),霹雳机车
Seicross (Japan) (Rev 1),霹雳机车
Seicross (Japan) (Virtual Console),霹雳机车
Seicross (USA),霹雳机车
Seikima II - Akuma no Gyakushuu! (Japan),圣饥魔2
Seirei Densetsu Lickle (Japan),圣铃传说
Seirei Gari (Japan),星灵狩猎
Seiryaku Simulation - Inbou no Wakusei - Shancara (Japan),惑星阴谋
Sekiryuuou (Japan),赤龙王
Senjou no Ookami (Japan),战埸之狼
Sensha Senryaku - Sabaku no Kitsune (Japan),沙漠之狐
Sesame Street - 123 (USA),芝麻街123
Sesame Street - ABC & 123 (USA),芝麻街123&ABC
Sesame Street - ABC (USA),芝麻街ABC
Sesame Street - Big Bird's Hide & Speak (USA),芝麻街-大鸟学英语
Sesame Street - Countdown (USA),芝麻街-倒计时
Shadow Brain (Japan),暗影之脑
Shadow Warriors - Ninja Gaiden (Europe),忍者龙剑传
Shadow Warriors - Ninja Gaiden (Europe) (Virtual Console),忍者龙剑传
Shadow Warriors II - Ninja Gaiden II (Europe),忍者龙剑传2
Shadow of the Ninja (USA),赤影战士
"Shadow of the Ninja (USA, Europe) (Virtual Console)",赤影战士
Shadowgate (Europe),暗影之门
Shadowgate (France),暗影之门
Shadowgate (Germany),暗影之门
Shadowgate (Japan),暗影之门
Shadowgate (Sweden),暗影之门
Shadowgate (USA),暗影之门
Shanghai (Japan) (En),上海
Shanghai II (Japan),上海2
Shatterhand (Europe),特救指令
Shatterhand (USA),特救指令
Sherlock Holmes - Hakushaku Reijou Yuukai Jiken (Japan),歇洛克福尔摩斯-伯爵女儿诱拐事件
Shikinjou (Japan),紫禁城
Shin 4 Nin Uchi Mahjong - Yakuman Tengoku (Japan),新四人麻将-役满天国
Shin Jinrui - The New Type (Japan),新人类
Shin Moero!! Pro Yakyuu (Japan),新燃烧职业棒球
Shin Satomi Hakken-Den - Hikari to Yami no Tatakai (Japan),新里见八犬传-光与闇之战
Shingen the Ruler (USA),武田信玄2
Shinsenden (Japan),神仙传
Shogun (Japan),将军
Shooting Range (USA),万岱射击场
Short Order + Eggsplode! (USA),汉堡快餐
Shougi Meikan '92 (Japan),将棋名鉴'92
Shougi Meikan '93 (Japan),将棋名鉴'93
Shoukoushi Ceddie (Japan),小公子薛特利
Shounen Ashibe - Nepal Daibouken no Maki (Japan),少年亚奇贝-尼泊尔大冒险之卷
Shuffle Fight (Japan),超级机器人大战
Shufflepuck Cafe (Japan),星际咖啡厅
Side Pocket (Europe),花式撞球
Side Pocket (Japan),花式撞球
Side Pocket (USA),花式撞球
Silent Service (Europe),死亡潜航
Silent Service (USA),死亡潜航
Silent Service (USA) (Rev 1),死亡潜航
Silk Worm (USA),联合大作战
Silva Saga (Japan),魔界佣兵
Silver Surfer (USA),银魔侠
"Simpsons, The - Bart vs. the Space Mutants (Europe)",辛普森家庭-霸子与太空异种
"Simpsons, The - Bart vs. the Space Mutants (USA)",辛普森家庭-霸子与太空异种
"Simpsons, The - Bart vs. the Space Mutants (USA) (Rev 1)",辛普森家庭-霸子与太空异种
"Simpsons, The - Bart vs. the World (Europe)",辛普森家庭-霸子与这个世界
"Simpsons, The - Bart vs. the World (USA)",辛普森家庭-霸子与这个世界
"Simpsons, The - Bartman Meets Radioactive Man (Europe)",辛普森家庭-霸子超人与幅射人
"Simpsons, The - Bartman Meets Radioactive Man (USA)",辛普森家庭-霸子超人与幅射人
Skate or Die (Europe),滑板或死
Skate or Die (USA),滑板或死
Skate or Die 2 - The Search for Double Trouble (USA),滑板生死斗2
Ski or Die (Europe),滑雪生死斗
Ski or Die (USA),滑雪生死斗
Sky Destroyer (Japan),红巾特攻队
Sky Kid (Japan) (En),天堂鸟
Sky Kid (Japan) (Virtual Console),天堂鸟
Sky Kid (USA),天堂鸟
"Sky Kid (World) (Namcot Collection, Namco Museum Archives Vol 1)",天堂鸟
Sky Shark (USA),鲨鱼战机
Slalom (Europe),障碍滑雪赛
Slalom (USA),障碍滑雪赛
Smash T.V. (Europe),电视斗士
Smash T.V. (USA),电视斗士
"Smurfs, The (Europe) (En,Fr,De,Es)",蓝色小精灵
Snake Rattle n Roll (Europe),响尾蛇与大蟒蛇
Snake Rattle n Roll (USA),响尾蛇与大蟒蛇
Snake's Revenge (Europe),史耐克的复仇
Snake's Revenge (USA),史耐克的复仇
Snake's Revenge (USA) (Metal Gear Solid Collection),史耐克的复仇
Snoopy's Silly Sports Spectacular! (USA),史努比的趣味运动会
Snow Bros. (Japan),雪人兄弟
Snow Brothers (Europe),雪人兄弟
Snow Brothers (USA),雪人兄弟
Snowboard Challenge (Spain) (En),滑雪板邀请赛
Soccer (Europe),任天堂足球
"Soccer (Japan, USA) (En)",任天堂足球
Soccer League - Winner's Cup (Japan),足球联盟-冠军杯足球赛
Softball Tengoku (Japan),垒球天国
Solar Jetman - Hunt for the Golden Warpship (Europe),太阳系战士
Solar Jetman - Hunt for the Golden Warpship (USA),太阳系战士
Solomon no Kagi (Japan),所罗门之钥
Solomon no Kagi 2 - Coolmintou Kyuushutsu Sakusen (Japan),所罗门之钥2
Solomon's Key (Europe),所罗门之钥
Solomon's Key (USA),所罗门之钥
Solomon's Key 2 (Europe),所罗门之钥2
Solstice - Sanjigen Meikyuu no Kyoujuu (Japan),魔城奇兵-三次元迷宫的狂兽
Solstice - The Quest for the Staff of Demnos (Europe),秘境魔宝
Solstice - The Quest for the Staff of Demnos (USA),秘境魔宝
Son Son (Japan) (En),西游记
Soreike! Anpanman - Minna de Hiking Game! (Japan),面包超人
Space Harrier (Japan),太空哈利
Space Hunter (Japan),太空猎人
Space Invaders (Japan),太空侵略者
Space Shadow (Japan),太空黑影
Space Shuttle Project (USA),太空梭计划
Spartan X (Japan) (En),功夫
Spartan X 2 (Japan),功夫2
Spelunker (Japan),地底探险
Spelunker (Japan) (Virtual Console),地底探险
Spelunker (USA),地底探险
"Spelunker (USA, Europe) (Virtual Console)",地底探险
Spelunker II - Yuusha e no Chousen (Japan),地下冒险2-勇者挑战
Spider-Man - Return of the Sinister Six (Europe),蜘蛛人-凶恶六人组的复仇
Spider-Man - Return of the Sinister Six (USA),蜘蛛人-凶恶六人组的复仇
Splatterhouse - Wanpaku Graffiti (Japan),腐尸之屋-顽皮的涂鸦
"Splatterhouse - Wanpaku Graffiti (World) (Namcot Collection, Namco Museum Archives Vol 1)",腐尸之屋-顽皮的涂鸦
Spot (Japan),斑点
Spot - The Video Game (USA),斑点棋
Spy Hunter (USA),间谍猎人
Spy vs Spy (Europe),谍对谍
Spy vs Spy (Japan),谍对谍
Spy vs Spy (USA),谍对谍
Sqoon (Japan),潜艇大作战
Sqoon (Japan) (Rev 1),潜艇大作战
Sqoon (USA),潜艇大作战
Square no Tom Sawyer (Japan),史克威尔之汤姆历险记
Stack-Up (World),叠加方块
Stadium Events (Europe),竞技运动场
Stadium Events (USA),竞技运动场
Stanley - The Search for Dr. Livingston (USA),大探险家史丹立-李文斯顿的足迹追踪
Star Force (Europe),星际武装战机
Star Force (Japan),星际武装战机
Star Force (USA),星际武装战机
Star Gate (Japan),星际之门
Star Luster (Japan),太空立体战
Star Luster (Japan) (Namcot Collection),太空立体战
Star Luster (Japan) (Virtual Console),太空立体战
Star Soldier (Japan),星际战机
Star Soldier (USA),星际战机
Star Trek - 25th Anniversary (Germany),星舰迷航记-25周年纪念版
Star Trek - 25th Anniversary (USA),星舰迷航记-25周年纪念版
Star Trek - The Next Generation (USA),星舰迷航记-银河飞龙
Star Voyager (USA),宇宙创世纪
Star Wars (Europe),星际大战
Star Wars (Japan) (Namco),星际大战
Star Wars (USA),星际大战
Star Wars - The Empire Strikes Back (Europe),星际大战-帝国大反击
Star Wars - The Empire Strikes Back (Japan),星际大战-帝国大反击
Star Wars - The Empire Strikes Back (USA),星际大战-帝国大反击
StarTropics (Europe),热带之星
StarTropics (Europe) (Virtual Console),热带之星
StarTropics (USA),热带之星
StarTropics (USA) (Virtual Console),热带之星
Starship Hector (USA),古文明之战
Stealth ATF (Europe),隐形战机
Stealth ATF (USA),隐形战机
Stick Hunter - Exciting Ice Hockey (Japan),球棒猎人-火爆冰上曲棍球
Stinger (USA),兵蜂2-解救肉桂博士
Stinger (USA) (Virtual Console),兵蜂2-解救肉桂博士
Street Cop (USA),任天堂跳跳板-街头警察
Street Fighter 2010 - The Final Fight (USA),街头战士2010
Street Gangs (Europe),热血物语
Street Gangs (Europe) (Virtual Console),热血物语
Strider (USA),出击飞龙
Sugoro Quest - Dice no Senshitachi (Japan),骰子英雄历险记
Sugoro Quest - Dice no Senshitachi (Japan) (Virtual Console),骰子英雄历险记
Suikoden - Tenmei no Chikai (Japan),水浒传-天命之誓
Sukeban Deka III (Japan),刑事三姐妹3
Summer Carnival '92 - Recca (Japan) (En),烈火战机'92
Sun Xiaomao Qihuan Dao - Kiddy Sun in Fantasia (Asia),孙小毛奇幻岛
Super Arabian (Japan),超级阿拉伯世界
Super Black Onyx (Japan),超级黑玛瑙
Super C (USA),超级魂斗罗
Super C (World) (Contra Anniversary Collection),超级魂斗罗
Super C (World) (Konami Collector's Series),超级魂斗罗
Super Cars (USA),超级赛车
Super Chinese (Japan),超级中国人
Super Chinese 2 - Dragon Kid (Japan),超级中国人2
Super Chinese 2 - Dragon Kid (Japan) (Virtual Console),超级中国人2
Super Chinese 3 (Japan),超级中国人3
Super Contra (Japan),超级魂斗罗
Super Dodge Ball (USA),热血高校躲避球
Super Dodge Ball (USA) (Virtual Console),热血高校躲避球
Super Dyna'mix Badminton (Japan),超级羽毛球
Super Glove Ball (USA),超级补球赛
Super Jeopardy! (USA),电视问答游戏-危机超级版
Super Mario Bros. (Europe),超级马里奥兄弟
Super Mario Bros. (World),超级马里奥兄弟
"Super Mario Bros. + Duck Hunt (Europe, Asia) (En)",超级马里奥兄弟+猎鸭行动
Super Mario Bros. + Duck Hunt (USA),超级马里奥兄弟+猎鸭行动
Super Mario Bros. + Duck Hunt + World Class Track Meet (USA),超级马里奥兄弟+猎鸭行动+田径运动会
Super Mario Bros. + Duck Hunt + World Class Track Meet (USA) (Rev 1),超级马里奥兄弟+猎鸭行动+田径运动会
Super Mario Bros. + Tetris + Nintendo World Cup (Europe),超级马里奥兄弟+俄罗斯方块+热血足球联盟
Super Mario Bros. + Tetris + Nintendo World Cup (Europe) (Rev 1),超级马里奥兄弟+俄罗斯方块+热血足球联盟
Super Mario Bros. - 25th Anniversary (Australia) (Virtual Console),超级马里奥兄弟-25周年
Super Mario Bros. - 25th Anniversary (Japan) (En) (Virtual Console),超级马里奥兄弟-25周年
Super Mario Bros. 2 (Europe),超级马里奥兄弟2
Super Mario Bros. 2 (Europe) (Virtual Console),超级马里奥兄弟2
Super Mario Bros. 2 (USA),超级马里奥兄弟2
Super Mario Bros. 2 (USA) (Rev 1),超级马里奥兄弟2
Super Mario Bros. 2 (USA) (Rev 1) (Virtual Console),超级马里奥兄弟2
Super Mario Bros. 3 (Europe),超级马里奥兄弟3
Super Mario Bros. 3 (Europe) (Virtual Console),超级马里奥兄弟3
Super Mario Bros. 3 (Japan),超级马里奥兄弟3
Super Mario Bros. 3 (Japan) (Rev 1),超级马里奥兄弟3
Super Mario Bros. 3 (Japan) (Rev 1) (Virtual Console),超级马里奥兄弟3
Super Mario Bros. 3 (USA),超级马里奥兄弟3
Super Mario Bros. 3 (USA) (Rev 1),超级马里奥兄弟3
Super Mario Bros. 3 (USA) (Rev 1) (Virtual Console),超级马里奥兄弟3
Super Mario USA (Japan) (En),超级马里奥兄弟2
Super Mario USA (Japan) (En) (Virtual Console),超级马里奥兄弟2
Super Mogura Tataki!! - Pokkun Mogurar (Japan),超级鼹鼠敲打-打地鼠游戏
Super Momotarou Dentetsu (Japan),超级桃太郎电铁
Super Pinball (Japan),超级弹珠台
Super Pitfall (Japan),超级沙坑探险
Super Pitfall (USA),超级沙坑探险
Super Real Baseball '88 (Japan),超真实棒球'88
Super Rugby (Japan),超级橄榄球
Super Spike V'Ball (Europe),美国沙滩排球锦标赛
Super Spike V'Ball (USA),美国沙滩排球锦标赛
Super Spike V'Ball + Nintendo World Cup (USA),美国沙滩排球锦标赛+热血足球联盟
Super Sprint (Japan) (En),超级冲刺赛车
Super Spy Hunter (Europe),超级间谍猎人
Super Spy Hunter (USA),超级间谍猎人
Super Star Force (Japan),超级星际武装战机
Super Team Games (USA),任天堂跳跳板-大运动会
Super Turrican (Europe),超级星际战士
Super Xevious - Gump no Nazo (Japan),超级铁板阵-坎普之谜
Superman (Japan),超人
Superman (USA) (Kemco),超人
Superstar Pro Wrestling (Japan),超级明星职业摔角
Swamp Thing (Europe),沼泽怪
Swamp Thing (USA),沼泽怪
Sweet Home (Japan),魔屋历险
Sword Master (Europe),剑术大师
Sword Master (Japan),剑术大师
Sword Master (USA),剑术大师
Swords and Serpents (Europe),宝剑与毒蛇
Swords and Serpents (France),宝剑与毒蛇
Swords and Serpents (USA),宝剑与毒蛇
TM Network - Live in Power Bowl (Japan),实况演唱会
Taboo - The Sixth Sense (USA),禁忌游戏-第六感
Taboo - The Sixth Sense (USA) (Rev 1),禁忌游戏-第六感
Tag Team Pro-Wrestling (Japan),双人组职业摔角
Tag Team Wrestling (USA),双人组职业摔角
Taito Basketball (Japan),泰德终极篮球
Taito Chase H.Q. (Japan),泰德追踪HQ
Taito Grand Prix - Eikou e no License (Japan),追击HQ
Taiyou no Shinden (Japan),太阳神殿
Taiyou no Yuusha - Fighbird (Japan),太阳勇者
Takahashi Meijin no Bouken-jima (Japan),高桥名人的冒险岛
Takahashi Meijin no Bouken-jima II (Japan),高桥名人的冒险岛2
Takahashi Meijin no Bouken-jima III (Japan),高桥名人的冒险岛3
Takahashi Meijin no Bouken-jima IV (Japan),高桥名人的冒险岛4
Takahashi Meijin no Bugutte Honey (Japan),高桥名人之蜜蜂女
Takeda Shingen (Japan),武田信玄
Takeda Shingen 2 (Japan),武田信玄2
Takeshi no Chousenjou (Japan),北野武之挑战状
Takeshi no Chousenjou (Japan) (Virtual Console),北野武之挑战状
Takeshi no Sengoku Fuuunji (Japan),北野武之战国风云儿
TaleSpin (Europe),航空小英雄
TaleSpin (USA),航空小英雄
Tamura Koushou Mahjong Seminar (Japan),田村光昭之麻将研究会
Tanigawa Kouji no Shougi Shinan II (Japan),谷川浩司的将棋指南2
Tanigawa Kouji no Shougi Shinan III (Japan),谷川浩司的将棋指南3
Tantei Jinguuji Saburou - Toki no Sugiyuku Mama ni (Japan),侦探神宫寺三郎-时间的痕迹
Tantei Jinguuji Saburou - Yokohamakou Renzoku Satsujin Jiken (Japan),侦探神宫寺三郎-横滨港连续杀人事件
Tantei Jinguuji Saburou - Yokohamakou Renzoku Satsujin Jiken (Japan) (Virtual Console),侦探神宫寺三郎-横滨港连续杀人事件
Tao (Japan),道
Target - Renegade (USA),目标-叛徒
Tashiro Masashi no Princess ga Ippai (Japan),田代雅史之拯救公主大作战
Tatakae! Chou Robot Seimeitai Transformers - Convoy no Nazo (Japan),战斗吧!超机器人生命体变形金刚-擎天柱之谜
Tatakae! Chou Robot Seimeitai Transformers - Convoy no Nazo (Japan) (Virtual Console),战斗吧!超机器人生命体变形金刚-擎天柱之谜
Tatakae!! Rahmen Man - Sakuretsu Choujin 102 Gei (Japan),斗将拉面男-炸裂超人一〇二技艺
Tatakai no Banka (Japan),斗者挽歌
Tatakai no Banka (Japan) (Rev 1),斗者挽歌
Tecmo Baseball (USA),Tecmo棒球
Tecmo Bowl (Japan),Tecmo美式足球
Tecmo Bowl (USA),Tecmo美式足球
Tecmo Bowl (USA) (Rev 1),Tecmo美式足球
"Tecmo Bowl (World) (Rev 1) (Virtual Console, Switch Online)",Tecmo美式足球
Tecmo Cup - Football Game (Europe),Tecmo足球
Tecmo Cup - Football Game (Spain),Tecmo足球
Tecmo Cup - Soccer Game (USA),Tecmo足球
Tecmo NBA Basketball (USA) (NES-BK),Tecmo美国职篮
Tecmo NBA Basketball (USA) (NES-BK) (Rev 1),Tecmo美国职篮
Tecmo NBA Basketball (USA) (NES-N7),Tecmo美国职篮
Tecmo Super Bowl (Japan),Tecmo超级美式足球
Tecmo Super Bowl (USA),Tecmo超级美式足球
Tecmo World Cup Soccer (Europe),Tecmo世界杯足球
Tecmo World Cup Soccer (Japan),Tecmo世界杯足球
Tecmo World Wrestling (Europe),激斗摔角-斗魂传说
Tecmo World Wrestling (USA),激斗摔角-斗魂传说
Teenage Mutant Hero Turtles (Europe),忍者神龟-激龟忍者传
Teenage Mutant Hero Turtles (Europe) (Virtual Console),忍者神龟-激龟忍者传
Teenage Mutant Hero Turtles - Tournament Fighters (Europe),忍者神龟-格斗大会
Teenage Mutant Hero Turtles II - The Arcade Game (Europe),忍者神龟2-街机移植版
Teenage Mutant Ninja Turtles (Australia),忍者神龟-激龟忍者传
Teenage Mutant Ninja Turtles (Japan),忍者神龟2-街机移植版
Teenage Mutant Ninja Turtles (Japan) (En) (The Cowabunga Collection),忍者神龟2-街机移植版
Teenage Mutant Ninja Turtles (USA),忍者神龟-激龟忍者传
Teenage Mutant Ninja Turtles (USA) (The Cowabunga Collection),忍者神龟-激龟忍者传
Teenage Mutant Ninja Turtles (USA) (Virtual Console),忍者神龟-激龟忍者传
Teenage Mutant Ninja Turtles - Tournament Fighters (USA),忍者神龟-格斗大会
Teenage Mutant Ninja Turtles - Tournament Fighters (USA) (The Cowabunga Collection),忍者神龟-格斗大会
Teenage Mutant Ninja Turtles 2 - The Manhattan Project (Japan),忍者神龟3-曼哈顿计划
Teenage Mutant Ninja Turtles 2 - The Manhattan Project (Japan) (The Cowabunga Collection),忍者神龟3-曼哈顿计划
Teenage Mutant Ninja Turtles II - The Arcade Game (Australia),忍者神龟2-街机移植版
Teenage Mutant Ninja Turtles II - The Arcade Game (USA),忍者神龟2-街机移植版
Teenage Mutant Ninja Turtles II - The Arcade Game (USA) (The Cowabunga Collection),忍者神龟2-街机移植版
Teenage Mutant Ninja Turtles III - The Manhattan Project (USA),忍者神龟3-曼哈顿计划
Teenage Mutant Ninja Turtles III - The Manhattan Project (USA) (The Cowabunga Collection),忍者神龟3-曼哈顿计划
Tenchi o Kurau (Japan),吞食天地
Tenchi o Kurau (Japan) (Rev 1),吞食天地
Tenchi o Kurau II - Shokatsu Koumei Den (Japan),吞食天地2-诸葛孔明传
Tenchi o Kurau II - Shokatsu Koumei Den (Japan) (Rev 1),吞食天地2-诸葛孔明传
Tenka no Goikenban - Mito Koumon (Japan),水户黄门
Tenkaichi Bushi - Keru Naguuru (Japan),天下一武士
Tenkaichi Bushi - Keru Naguuru (Japan) (Namcot Collection),天下一武士
Tennis (Europe),任天堂网球
"Tennis (Japan, USA) (En)",任天堂网球
Terao no Dosukoi Oozumou (Japan),寺尾之大相扑道场
Terminator 2 (Japan),终结者2
Terminator 2 - Judgment Day (Europe),终结者2-审判日
Terminator 2 - Judgment Day (USA),终结者2-审判日
"Terminator, The (USA, Europe)",魔鬼终结者
Terra Cresta (Japan),神鹰一号
Terra Cresta (USA),神鹰一号
Tetrastar - The Fighter (Japan),战斗之星
Tetris (Europe),俄罗斯方块
Tetris (USA),俄罗斯方块
Tetris 2 (Europe),俄罗斯方块2
Tetris 2 (USA),俄罗斯方块2
Tetris 2 + Bombliss (Japan) (En),俄罗斯方块2+轰炸方块
Tetris 2 + Bombliss (Japan) (En) (Rev 1),俄罗斯方块2+轰炸方块
Tetris Flash (Japan),俄罗斯方块2
Tetsudou Ou - Famicom Boardgame (Japan),铁道王-任天堂纸上游戏
Tetsuwan Atom (Japan),原子小金刚
Thexder (Japan),飞天战神
"Three Stooges, The (USA)",三傻行大运
Thunder & Lightning (USA),雷电
Thunderbirds (Japan),雷鸟神机队
Thunderbirds (USA),雷鸟神机队
Thundercade (USA),特殊任务
Tiger-Heli (Europe),虎式直升机
Tiger-Heli (Europe) (Rev 1),虎式直升机
Tiger-Heli (Japan),虎式直升机
Tiger-Heli (USA),虎式直升机
Time Lord (Europe),时间统治者
Time Lord (USA),时间统治者
Time Zone (Japan),时空地带
Times of Lore (Japan),时空勇士
Times of Lore (USA),时空勇士
Tiny Toon Adventures (Europe),兔宝宝大冒险
Tiny Toon Adventures (Japan),兔宝宝大冒险
Tiny Toon Adventures (USA),兔宝宝大冒险
Tiny Toon Adventures - Cartoon Workshop (Europe),兔宝宝大冒险-卡通工作室
Tiny Toon Adventures - Cartoon Workshop (USA),兔宝宝大冒险-卡通工作室
Tiny Toon Adventures 2 - Montana Land e Youkoso (Japan),兔宝宝大冒险2-蒙大拿岛历险记
Tiny Toon Adventures 2 - Trouble in Wackyland (Europe),兔宝宝大冒险2-蒙大拿岛历险记
Tiny Toon Adventures 2 - Trouble in Wackyland (USA),兔宝宝大冒险2-蒙大拿岛历险记
Titan (Japan),泰坦弹珠
To the Earth (Europe),前往地球
To the Earth (USA),前往地球
Toki (USA),JUJU传说
Toki no Tabibito - Time Stranger (Japan),时间旅行者
Tokkyuu Shirei Solbrain (Japan),特救指令
Tokoro-san no Mamoru mo Semeru mo (Japan),百战大出击
Tom & Jerry (Japan),猫和老鼠
Tom & Jerry - The Ultimate Game of Cat and Mouse! (Europe),猫和老鼠
Tom & Jerry - The Ultimate Game of Cat and Mouse! (USA),猫和老鼠
Tom Sawyer no Bouken (Japan),汤姆索亚历险记
Tombs & Treasure (USA),坟墓和宝藏
Top Gun (Europe),捍卫战士
Top Gun (Japan),捍卫战士
Top Gun (USA),捍卫战士
Top Gun (USA) (Rev 1),捍卫战士
Top Gun - Dual Fighters (Japan),捍卫战士2
Top Gun - The Second Mission (Europe),捍卫战士2
Top Gun - The Second Mission (USA),捍卫战士2
Top Rider (Japan),顶尖机车赛
Top Striker (Japan),顶尖足球
Total Recall (Europe),魔鬼总动员
Total Recall (USA),魔鬼总动员
Totally Rad (Europe),魔法约翰
Totally Rad (USA),魔法约翰
Totsuzen! Macchoman (Japan),荒岛落难记
Touchdown Fever (USA),美式橄榄球
Touhou Kenbun Roku (Japan),东方见闻录
Toukon Club (Japan),斗魂俱乐部
Toukyou Pachi-Slot Adventure (Japan),东京柏青哥大冒险
Toukyou Pachi-Slot Adventure (Japan) (Rev 1),东京柏青哥大冒险
Town & Country Surf Designs - Thrilla's Surfari (USA),乡镇滑板
Town & Country Surf Designs - Wood & Water Rage (USA),乡镇滑板-木头与水愤怒
Toxic Crusaders (USA),毒魔侠
Track & Field (USA),田径
Track & Field II (Europe),田径2
Track & Field II (USA),田径2
Track & Field II (USA) (Rev 1),田径2
Track & Field in Barcelona (Europe),巴塞罗那田径
Treasure Master (USA),寻宝大师
"Triathron, The (Japan)",三项铁人竞赛
Trog! (Europe),抢救龙蛋大作战
Trog! (USA),抢救龙蛋大作战
Trojan (Europe),斗者挽歌
Trojan (USA),斗者挽歌
"Trolls in Crazyland, The (Europe)",食人妖之疯狂岛大冒险
Tsuppari Oozumou (Japan),顶上大相扑
Tsuppari Oozumou (Japan) (Virtual Console),顶上大相扑
Tsuppari Wars (Japan),极道战争
Tsuri Kichi Sanpei - Blue Marlin Hen (Japan),天才小钓手-蓝色马林鱼篇
Tsuru Pika Hagemaru - Mezase! Tsuru Seko no Akashi (Japan),爆笑小福星
Turbo Racing (Europe),涡轮大赛车
Twin Cobra (USA),究极虎
Twin Eagle (Japan),双鹰
Twin Eagle (USA),双鹰
TwinBee (Japan),兵蜂
TwinBee 3 - Poko Poko Daimaou (Japan),兵蜂3-波可波可大魔王
U.S. Championship V'Ball (Japan),美国沙滩排球锦标赛
USA Ice Hockey in FC (Japan),美国冰上曲棍球
Uchuu Keibitai SDF (Japan),宇宙警备队
Uchuusen Cosmo Carrier (Japan),宇宙船COSMO
Ufouria - The Saga (Europe),迷糊蛋
"Ufouria - The Saga (USA, Europe) (Wii U Virtual Console)",迷糊蛋
"Ufouria - The Saga (USA, Europe) (Wii Virtual Console)",迷糊蛋
Ultima - Exodus (USA),创世纪-神剑除魔
Ultima - Kyoufu no Exodus (Japan),创世纪-神剑除魔
Ultima - Quest of the Avatar (USA),创世纪-圣者之道
Ultima - Seija e no Michi (Japan),创世纪-圣者之道
Ultima - Warriors of Destiny (USA),创世纪-命运斗士
"Ultimate Air Combat (Europe) (En,Fr,De)",铁鹰战士3-终极空战
Ultimate Air Combat (USA),铁鹰战士3-终极空战
Ultimate Basketball (USA),泰德终极篮球
Ultraman Club - Kaijuu Daikessen!! (Japan),奥特曼俱乐部
Ultraman Club 2 - Kaettekita Ultraman Club (Japan),超人力霸王俱乐部2
Ultraman Club 3 - Matamata Shutsugeki!! Ultra Kyoudai (Japan),奥特曼俱乐部3
"Uncanny X-Men, The (USA)",特异功能组
Uncharted Waters (USA),大航海时代
Uninvited (USA),恶魔招待状
"Untouchables, The (Japan)",铁面无私
"Untouchables, The (USA)",铁面无私
"Untouchables, The (USA) (Rev 1)",铁面无私
"Untouchables, The (USA) (Rev 2)",铁面无私
Urban Champion (World),都市冠军
Urusei Yatsura - Lum no Wedding Bell (Japan),福星小子-拉姆的结婚铃
Ushio to Tora - Shinen no Taiyou (Japan),潮与虎
Utsurun Desu. - Kawauso Hawaii e Iku (Japan),传染总动员
Valkyrie no Bouken - Toki no Kagi Densetsu (Japan),女武神大冒险-时之键传说
Valkyrie no Bouken - Toki no Kagi Densetsu (Japan) (Namcot Collection),女武神大冒险-时之键传说
Valkyrie no Bouken - Toki no Kagi Densetsu (Japan) (Virtual Console),女武神大冒险-时之键传说
Vegas Connection - Casino kara Ai o Komete (Japan),连接维加斯-我爱赌城
Vegas Dream (USA),赌城之梦
Venus Senki - Back the City (Japan),金星战记
Vice - Project Doom (USA),毁灭计划
Videomation (USA),动态视讯大师
Viva! Las Vegas (Japan),赌城之梦
Volguard II (Japan) (En),高机动战斗2
"Volleyball (USA, Europe)",任天堂排球
"Volleyball (USA, Europe) (Virtual Console)",任天堂排球
WCW World Championship Wrestling (USA),超级明星职业摔角
WWF King of the Ring (Europe),世界摔角联盟-冠军之路
WWF King of the Ring (USA),世界摔角联盟-冠军之路
WWF WrestleMania (Europe),世界摔角联盟-狂热摔角
WWF WrestleMania (USA),世界摔角联盟-狂热摔角
WWF WrestleMania - Challenge (Europe),世界摔角联盟-狂热摔角锦标赛
WWF WrestleMania - Challenge (Japan),世界摔角联盟-狂热摔角锦标赛
WWF WrestleMania - Challenge (USA),世界摔角联盟-狂热摔角锦标赛
WWF WrestleMania - Steel Cage Challenge (Europe),WWF摔跤-铁笼挑战赛
WWF WrestleMania - Steel Cage Challenge (USA),WWF摔跤-铁笼挑战赛
Wacky Races (USA),顽皮狗
Wagyan Land (Japan),瓦强世界
Wagyan Land (Japan) (Namcot Collection),瓦强世界
Wagyan Land 2 (Japan),瓦强世界2
Wagyan Land 2 (Japan) (Virtual Console),瓦强世界2
Wagyan Land 3 (Japan),瓦强世界3
Wai Wai World 2 - SOS!! Parsley Jou (Japan),科拿米世界2
Wai Wai World 2 - SOS!! Parsley Jou (Japan) (Virtual Console),科拿米世界2
Wall Street Kid (USA),华尔街小子
Wanpaku Duck Yume Bouken (Japan),唐老鸭俱乐部
Wanpaku Kokkun no Gourmet World (Japan),超级厨师之美食家世界
Wario no Mori (Japan) (En),坏璃欧森林
Wario's Woods (Europe),坏璃欧森林
Wario's Woods (USA),坏璃欧森林
Warpman (Japan),太空守护者
Warpman (Japan) (En) (Rev 1) (Namcot Collection),太空守护者
Warpman (Japan) (Namcot Collection),太空守护者
Wayne Gretzky Hockey (USA),韦恩葛瑞兹基之冰上曲棍球
Wayne's World (USA),反斗智多星
Werewolf - The Last Warrior (Europe),超人狼战记
Werewolf - The Last Warrior (USA),超人狼战记
Western Kids (Japan),西部小子
Wheel of Fortune (USA),幸运之轮
Wheel of Fortune (USA) (Rev 1),幸运之轮
Wheel of Fortune - Family Edition (USA),幸运之轮家庭版
Wheel of Fortune - Junior Edition (USA),幸运之轮儿童版
Wheel of Fortune Featuring Vanna White (USA),幸运之轮-凡娜·怀特版
Where in Time Is Carmen Sandiego (USA),卡门圣地牙哥时刻
Where's Waldo (USA),眼力训练游戏-瓦德在哪里
White Lion Densetsu - Pyramid no Kanata ni (Japan),白狮传说
Who Framed Roger Rabbit (USA),威探闯通关
Whomp 'Em (USA),西游记2
Widget (USA),威奇精灵
"Wild Gunman (Japan, USA) (En)",荒野枪手
Wild Gunman (World) (Rev 1),荒野枪手
Willow (Europe),威洛之旅
Willow (Japan),威洛之旅
Willow (USA),威洛之旅
Wily & Right no Rockboard - That's Paradise (Japan),威利和莱特在洛克棋盘-洛克人乐园
"Win, Lose or Draw (USA)",胜负大对决
Winter Games (USA),冬季运动会
Winter Games (USA) (Rev 1),冬季运动会
Wit's (Japan),维兹超人
Wizardry - Knight of Diamonds - The Second Scenario (USA),巫术2-钻石骑士
Wizardry - Proving Grounds of the Mad Overlord (Japan),巫术-疯狂城主的试练场
Wizardry - Proving Grounds of the Mad Overlord (USA),巫术-疯狂城主的试练场
Wizardry II - Llylgamyn no Isan (Japan),巫术2-钻石骑士
Wizardry III - Diamond no Kishi (Japan),巫术3-钻石骑士
Wizards & Warriors (Europe),巫术
Wizards & Warriors (USA),巫术
Wizards & Warriors (USA) (Rev 1),巫术
Wizards & Warriors III - Kuros...Visions of Power (Europe),巫术3-看见力量
Wizards & Warriors III - Kuros...Visions of Power (USA),巫术3-看见力量
Wolverine (USA),特异功能组-金刚狼
Woody Poko (Japan),森林大冒险
World Boxing (Japan),世界拳击赛
World Champ (Europe),世界冠军
World Champ (USA),世界冠军
World Class Track Meet (USA),任天堂跳跳板-田径运动会
World Class Track Meet (USA) (Rev 1),任天堂跳跳板-田径运动会
World Games (USA),世界运动会
World Grand-Prix - Pole to Finish (Japan),世界方程式大赛车
World Super Tennis (Japan),世界杯网球赛
Wrath of the Black Manta (Europe),忍者警察
Wrath of the Black Manta (USA),忍者警察
Wrath of the Black Manta (USA) (Rev 1),忍者警察
Wrecking Crew (World),马里奥拆屋工
Wrecking Crew (World) (Virtual Console),马里奥拆屋工
Wurm - Journey to the Center of the Earth! (USA),地底大作战
Xenophobe (USA),外星大作战
Xevious (Europe),铁板阵
Xevious (Japan) (En),铁板阵
Xevious (Japan) (En) (Rev 1),铁板阵
"Xevious (World) (Namcot Collection, Namco Museum Archives Vol 1)",铁板阵
Xevious - The Avenger (USA),铁板阵
Xexyz (USA),乌龟报恩
Yamamura Misa Suspense Series - Kyoto Zai-Tech Satsujin Jiken (Japan),山村美纱悬疑-京都理财杀人事件
Yami no Shigotonin Kage (Japan),赤影战士
Yie Ar Kung-Fu (Japan) (Rev 1.2),功夫小子
Yie Ar Kung-Fu (Japan) (Rev 1.4),功夫小子
Yo! Noid (USA),溜溜球大师
Yoshi (USA),耀西的蛋
Yoshi no Cookie (Japan),耀西的饼干
Yoshi no Tamago (Japan),耀西的蛋
Yoshi's Cookie (Europe),耀西的饼干
Yoshi's Cookie (Europe) (Virtual Console),耀西的饼干
Yoshi's Cookie (USA),耀西的饼干
Yoshi's Cookie (USA) (Virtual Console),耀西的饼干
Youkai Club (Japan),妖怪俱乐部
Youkai Douchuuki (Japan),妖怪道中记
Youkai Douchuuki (Japan) (Namcot Collection),妖怪道中记
Youkai Douchuuki (Japan) (Virtual Console),妖怪道中记
"Young Indiana Jones Chronicles, The (USA)",少年印地安纳琼斯
Yousei Monogatari - Rod Land (Japan),妖精物语
Ys (Japan),伊苏国
Ys II - Ancient Ys Vanished - The Final Chapter (Japan),伊苏国2
Ys III - Wanderers from Ys (Japan),伊苏3
Yume Penguin Monogatari (Japan),企鹅梦物语
Zanac (USA),银河号
Zelda II - The Adventure of Link (Europe),塞尔达传说2-林克的冒险
Zelda II - The Adventure of Link (Europe) (Rev 1),塞尔达传说2-林克的冒险
Zelda II - The Adventure of Link (Europe) (Rev 2),塞尔达传说2-林克的冒险
Zelda II - The Adventure of Link (Europe) (Rev 2) (Virtual Console),塞尔达传说2-林克的冒险
Zelda II - The Adventure of Link (USA),塞尔达传说2-林克的冒险
Zelda II - The Adventure of Link (USA) (Virtual Console),塞尔达传说2-林克的冒险
Zelda no Densetsu 1 - The Hyrule Fantasy (Japan),塞尔达传说-幻想大陆海拉鲁
Zen - Intergalactic Ninja (Europe),银河忍者-禅
Zen - Intergalactic Ninja (USA),银河忍者-禅
Zenbei Pro Basket (Japan),全美职业篮球赛
Zippy Race (Japan),疯狂骑士
Zoda's Revenge - StarTropics II (USA),佐达的复仇-热带之星2
"Zoda's Revenge - StarTropics II (USA, Europe) (Virtual Console)",佐达的复仇-热带之星2
Zoids - Chuuou Tairiku no Tatakai (Japan),机兽新世纪-中央大陆之战
Zoids - Chuuou Tairiku no Tatakai (Japan) (Rev 1),机兽新世纪-中央大陆之战
Zoids 2 - Zenebas no Gyakushuu (Japan),机兽新世纪2-帝国之逆袭
Zoids Mokushiroku (Japan),机兽新世纪-默示录
Zombie Hunter (Japan),僵尸猎人
Zombie Nation (USA),僵尸国度
Zunou Senkan Galg (Japan) (En),头脑战舰
Wai Wai World 2 - SOS!! Parsley Castle (Japan),科拿米世界2
Wai Wai World 2 - SOS!! Paseri Jou (Japan),科拿米世界2
Bio Miracle Baby Upa!! (Japan),超级宝宝乌帕
Samurai Pizza Cats (Japan),猫党忍者传
Wai Wai World (Japan),科乐美世界
Splatter House - Wanpaku Graffiti (Japan),腐尸之屋-顽皮的涂鸦
TwinBee 3 - The Aimless Demon King (Japan),兵蜂3-波可波可大魔王
Adventure Island IV (Japan),冒险岛4
Adventure Island 4 (Japan),冒险岛4
Hudson's Adventure Island IV (Japan),冒险岛4
Captain Tsubasa Vol. II - Super Striker (Japan),天使之翼2
Chronicle of the Radia War (Japan),拉迪亚战记-黎明篇
Downtown Special - Kunio-kun no Jidaigeki Dayo Zenin Shuugou! (Japan),热血时代剧
Fire Emblem - Shadow Dragon and the Blade of Light (Japan),火焰之纹章-暗黑龙与光之剑
Ganbare Goemon Gaiden - The Missing Golden Pipe (Japan),大盗五右卫门外传-消失之黄金烟斗
Ganbare Goemon Gaiden 2 - Treasures of the World (Japan),大盗五右卫门外传2-天下之财宝
Ganbare Goemon! (Japan),大盗五右卫门
Go for it! Goemon 2 (Japan),大盗五右卫门２
Go Go! Nekketu Hockey Club - Multi-Sport Battle (Japan),热血曲棍球
Kid Niki 2 (Japan),快杰洋枪丸2
Kid Niki 3 (Japan),快杰洋枪丸3
"Legend of Fuma, The (Japan)",风月魔传
Krazy Kreatures (USA) (Rev A) (Unl),疯狂消除
Micro Machines (USA) (Unl),迷你机车
"Mysterious Murasame Castle, The (Japan)",谜之村雨城
Nazo no Murasamejou (Japan),谜之村雨城
"Nekketsu! Street Basket - Go for it, Dunk Heroes! (Japan)",热血街头篮球
Perman - Return the Space Saucer! (Japan),小超人帕门
Perman 2 - Down with the Secret Madou Society! (Japan),小超人帕门2
Raging Fire - Recca (Japan),烈火战机'92
Technos Samurai - Downtown Special! (Japan),热血时代剧
Kaiketsu Yancha Maru 2 - Karakuri Land (Japan),快杰洋枪2
Splatter House - Super Deformed (Japan),腐尸之屋Q版
