Name EN,Name ZH
2Tax Gold (Japan),两桶金
2do Aru Koto wa Sando R (Japan),肥瘦大盗 - 2度归来
3D Baseball (USA),3D棒球
3D Baseball - The Majors (Japan),3D棒球 - 大联盟
3D Lemmings (Europe),3D百战小旅鼠
3D Lemmings (Japan),3D百战小旅鼠
3D Mission Shooting - Finalist (Japan),3D使命射击 - 入围
3x3 Eyes - Kyuusei Koushu S (Japan) (Disc 1),3X3只眼 - 吸精公主S
3x3 Eyes - Kyuusei Koushu S (Japan) (Disc 2),3X3只眼 - 吸精公主S
3x3 Eyes - Kyuusei Koushu S (Japan) (Disc 3) (Special CD-ROM),3X3只眼 - 吸精公主S
6 Inch My Darling (Japan),我亲爱的6英寸
AI Igo (Japan),AI围棋
AI Shougi (Japan),AI将棋
AI Shougi 2 (Japan),AI将棋2
"Actua Golf (Europe) (En,Fr,De)",阿克托高尔夫
Actua Golf (Japan),阿克托高尔夫
Actua Soccer (Japan),真实足球
Actua Soccer - Club Edition (Europe),真实足球 - 俱乐部版
Advanced V.G. (Japan),少女格斗战
Advanced World War - Sennen Teikoku no Koubou - Last of the Millennium (Japan) (2M),高级大战略 - 千年帝国的兴亡
Advanced World War - Sennen Teikoku no Koubou - Last of the Millennium (Japan) (Rev B) (22M),高级大战略 - 千年帝国的兴亡
Air Management '96 (Japan),航空大亨96
Airs Adventure (Japan),空中冒险
Akumajou Dracula X - Gekka no Yasoukyoku (Japan) (2M),恶魔城X - 月下之夜想曲
Albert Odyssey - Legend of Eldean (USA),亚鲁巴战记 - 艾尔丹传奇
Albert Odyssey - Legend of Eldean (USA) (RE),亚鲁巴战记 - 艾尔丹传奇
Albert Odyssey Gaiden - Legend of Eldean (Japan) (1M),亚鲁巴战记外传 - 艾尔丹传奇
Albert Odyssey Gaiden - Legend of Eldean (Japan) (2M),亚鲁巴战记外传 - 艾尔丹传奇
Albert Odyssey Gaiden - Legend of Eldean (Japan) (3M),亚鲁巴战记外传 - 艾尔丹传奇
Album Club - St. Paulia Jogakuin (Mune Kyun) (Japan),专辑俱乐部
"Alien Trilogy (Europe) (En,Fr,Es,It) (4S)",异形三部曲
"Alien Trilogy (Europe) (En,Fr,Es,It) (7S)",异形三部曲
Alien Trilogy (Germany),异形三部曲
Alien Trilogy (Japan),异形三部曲
Alien Trilogy (USA),异形三部曲
All-Star Baseball '97 Featuring Frank Thomas (USA),全明星棒球'97 - 弗兰克托马斯
"Alone in the Dark - Jack Is Back (Europe) (En,Fr,De,Es,It)",鬼屋魔影 - 杰克归来
Alone in the Dark - One-Eyed Jack's Revenge (USA),鬼屋魔影
Alone in the Dark 2 (Japan),鬼屋魔影2
Amagi Shien (Japan),天城紫苑
America Oudan Ultra Quiz (Japan),横断美国问答
"Amok (Europe) (En,Fr,De,Es,It,Nl)",杀人狂
Amok (Japan),杀人狂
Amok (USA),杀人狂
AnEarth Fantasy Stories - The First Volume (Japan),地球幻想故事
Andretti Racing (Europe),明星大赛
Andretti Racing (France),明星大赛
Andretti Racing (Germany),明星大赛
Andretti Racing (USA),明星大赛
Angel Graffiti S - Anata e no Profile (Japan),涂鸦天使S - 你的侧脸
Angel Paradise Vol. 1 - Sakaki Yuko - Koi no Yokan in Hollywood (Japan),天使天堂卷1 - 坂木优子 - 恋爱的预感在好莱坞
Angel Paradise Vol. 2 - Yoshino Kimika - Isshoni I-ta-i in Hawaii (Japan),天使天堂卷2 - 吉野公佳 - 我们在一起在夏威夷
Angelique Duet (Japan),安琪莉可
Angelique Special (Japan),安琪莉可 - 特别篇
Angelique Special 2 (Japan),安琪莉可 - 特别篇2
Another Memories (Japan),另一个回忆
Arcade Gears Vol. 1 - Pu-Li-Ru-La (Japan),街机游戏 - 卷1 - 普利路拉
Arcade Gears Vol. 2 - Gun Frontier (Japan),街机游戏 - 卷2 - 枪之国度
Arcade Gears Vol. 3 - Wonder 3 (Japan),街机游戏 - 卷3 - 奇迹3
Arcade Gears Vol. 4 - ImageFight & XMultiply (Japan),街机游戏 - 卷4 - 梦幻战机&再生战机
Arcade's Greatest Hits (USA),大型街机合集
Arcade's Greatest Hits - The Atari Collection 1 (Europe),街机的点击 - 雅达利收藏1
Arcade's Greatest Hits - The Atari Collection 1 (USA),街机的点击 - 雅达利收藏1
Arcana Strikes (Japan),阿尔卡娜风暴
"Area 51 (Europe) (En,Fr,De,Es)",51区
Area 51 (Japan),51区
Area 51 (USA),51区
Arthur to Astaroth no Nazo Makaimura - Incredible Toons (Japan),谜之魔界村
Assault Rigs (Japan),攻击炮塔
Assault Suit Leynos 2 (Japan),重装机兵雷亚斯
Astal (USA) (1S),阿斯特拉
Astal (USA) (2S),阿斯特拉
Astal (USA) (3S),阿斯特拉
Astra Superstars (Japan),阿斯特拉超级之星
Asuka 120% Limited - Burning Fest. Limited (Japan),飞鸟120% - 燃烧巨星
Athlete Kings (Europe),运动员之王
"Atlantis - The Lost Tales (Europe) (En,De,Es) (Disc 1)",亚特兰蒂斯 - 失落的传说
"Atlantis - The Lost Tales (Europe) (En,De,Es) (Disc 2)",亚特兰蒂斯 - 失落的传说
Atlantis - The Lost Tales (France) (Disc 1),亚特兰蒂斯 - 失落的传说
Atlantis - The Lost Tales (France) (Disc 2),亚特兰蒂斯 - 失落的传说
Ayakashi Ninden Kunoichiban Plus (Japan) (Disc 1),魂兽女忍传一番 - 加强版
Ayakashi Ninden Kunoichiban Plus (Japan) (Disc 2),魂兽女忍传一番 - 加强版
Azel - Panzer Dragoon RPG (Japan) (Disc 1) (1M),铁甲飞龙RPG
Azel - Panzer Dragoon RPG (Japan) (Disc 1) (2M),铁甲飞龙RPG
Azel - Panzer Dragoon RPG (Japan) (Disc 2) (2M),铁甲飞龙RPG
Azel - Panzer Dragoon RPG (Japan) (Disc 3) (1M),铁甲飞龙RPG
Azel - Panzer Dragoon RPG (Japan) (Disc 3) (2M),铁甲飞龙RPG
"Azel - Panzer Dragoon RPG (Japan) (Disc 4) (2M, 3M)",铁甲飞龙RPG
BackGuiner - Yomigaeru Yuusha-tachi - Hishou-hen - Uragiri no Senjou (Japan) (Disc 1),归来的盖那 - 苏醒勇者列传 - 飞翔篇 - 虚空之战场
BackGuiner - Yomigaeru Yuusha-tachi - Hishou-hen - Uragiri no Senjou (Japan) (Disc 2),归来的盖那 - 苏醒勇者列传 - 飞翔篇 - 虚空之战场
BackGuiner - Yomigaeru Yuusha-tachi - Kakusei-hen - Guiner Tensei (Japan) (Disc 1),归来的盖那 - 苏醒勇者列传 - 觉醒篇 - 鬼纳重生
BackGuiner - Yomigaeru Yuusha-tachi - Kakusei-hen - Guiner Tensei (Japan) (Disc 2),归来的盖那 - 苏醒勇者列传 - 觉醒篇 - 鬼纳重生
Baku Baku Animal - Sekai Shiiku Gakari Senshuken (Japan),爆裂方块 - 世界动物园管理员大赛
Baku Baku Animal - Sekai Shiiku Gakari Senshuken (Japan) (Rev A),爆裂方块 - 世界动物园管理员大赛
Baku Baku Animal - World Zookeeper Contest (Europe),爆裂方块 - 世界动物园管理员大赛
Baku Baku Animal - World Zookeeper Contest (USA),爆裂方块 - 世界动物园管理员大赛
Bakuretsu Hunter (Japan) (Disc 1),爆裂猎人
Bakuretsu Hunter (Japan) (Disc 2) (Omake CD),爆裂猎人
Bakuretsu Hunter R (Japan),爆裂猎人R
Bakushou!! All Yoshimoto Quiz-ou Kettei-sen DX (Japan),爆笑 - 吉本猜谜王决定战DX
Baldy Land (Japan),秃子岛
Baroque (Japan),巴洛克
Bases Loaded '96 - Double Header (USA),满垒96
Batman Forever - The Arcade Game (Europe),永远的蝙蝠侠 - 街机版
Batman Forever - The Arcade Game (Japan),永远的蝙蝠侠 - 街机版
Batman Forever - The Arcade Game (USA),永远的蝙蝠侠 - 街机版
Batsugun (Japan),惩罚之枪
Battle Arena Toshinden Remix (Europe),斗神传REMIX
Battle Arena Toshinden Remix (USA),斗神传REMIX
Battle Arena Toshinden URA - Ultimate Revenge Attack (Europe),斗神传URA - 终极复仇攻击
Battle Arena Toshinden URA - Ultimate Revenge Attack (USA),斗神传URA - 终极复仇攻击
Battle Athletess Daiundoukai (Japan),大运动会
Battle Garegga (Japan),空战之路
Battle Monsters (Europe),战争机器怪物
Battle Monsters (Japan),战争机器怪物
Battle Monsters (USA),战争机器怪物
"Battle Stations (Europe) (En,Fr,De)",战斗前线
Battle Stations (USA),战斗前线
BattleSport (USA),战斗运动
Beach de Riichi! (Japan),海边麻雀
Big Ichigeki! Pachi-Slot Daikouryaku - Universal Museum (Japan) (1M),大一击 - 柏青哥大攻略 - 环球博物馆
Big Ichigeki! Pachi-Slot Daikouryaku - Universal Museum (Japan) (Rev A) (10M),大一击 - 柏青哥大攻略 - 环球博物馆
Big Thanks - Super Keirin - Dream with Keirin 50 Years (Japan),非常感谢 - 超级凯林 - 和凯林一起梦想50年
Bio Hazard (Japan),生化危机
Bishoujo Hanafuda Kikou - Michinoku Hitou Koi Monogatari Special (Japan),美少女花札记 - 秘汤恋物语
Bishoujo Senshi Sailor Moon SuperS - Various Emotion (Japan),美少女战士Supers - 多彩情感
Black Dawn (Europe),黑暗堕落
Black Dawn (Japan),黑暗堕落
Black Dawn (USA),黑暗堕落
Black-Matrix (Japan),黑色细胞
Black-Matrix (Japan) (Rerelease),黑色细胞
BlackFire (Europe),黑火
BlackFire (Japan),黑火
BlackFire (USA) (2S),黑火
BlackFire (USA) (3S),黑火
Blam! Machinehead (Europe),机械首脑
Blam! Machinehead (France),机械首脑
Blam! Machinehead (Germany),机械首脑
Blam! Machinehead (Japan),机械首脑
"Blast Chamber (Europe) (En,Fr,De,Es,It)",爆破
Blast Chamber (USA),爆破
Blast Wind (Japan),暴风战机
Blazing Dragons (Europe),雷龙
Blazing Dragons (France),雷龙
Blazing Dragons (Germany),雷龙
Blazing Dragons (USA),雷龙
Blazing Heroes (USA),炽热的英雄
Blood Factory (Japan),血腥工厂
Blue Breaker - Ken yori mo Hohoemi o (Japan),蓝色破坏者 - 剑的微笑
Blue Seed - Kushinada Hirokuden (Japan),碧奇魂 - 奇稻田密录传
Bomberman Wars (Japan),炸弹人战争
Bottom of the 9th (USA),绝境棒球
Bouken Katsugeki Monomono (Japan),冒险活剧物语
Brain Battle Q (Japan),智力战争Q
BrainDead 13 (Japan),新空房禁地13
BrainDead 13 (USA),新空房禁地13
"Break Point (Europe) (En,Fr)",断点
Break Point (Japan),断点
Break Point Tennis (USA),断点 - 网球
BreakThru! (Japan),破坏方块
Bubble Bobble also featuring Rainbow Islands (Europe),泡泡龙 - 彩虹岛
Bubble Bobble also featuring Rainbow Islands (USA),泡泡龙 - 彩虹岛
Bubble Symphony (Japan),泡泡龙交响曲
Bug Too! (Europe),虫虫历险记
Bug Too! (USA),虫虫历险记
"Bug Too! Motto Motto Jump Shite, Funzukechatte, Petchanko (Japan)",虫虫历险记
Bug! (Europe),BUG虫虫历险记
Bug! (USA),BUG虫虫历险记
Bug! (USA) (R),BUG虫虫历险记
"Bug! Jump Shite, Funzukechatte, Petchanko (Japan)",BUG虫虫历险记
Bulk Slash (Japan),巨大之剑
Burning Rangers (Europe),救火奇兵
Burning Rangers (Japan),救火奇兵
Burning Rangers (USA),救火奇兵
Bust-A-Move 2 - Arcade Edition (Europe),泡泡龙2 - 街机版
Bust-A-Move 2 - Arcade Edition (USA),泡泡龙2 - 街机版
Bust-A-Move 3 (Europe),泡泡龙3
Bust-A-Move 3 (USA),泡泡龙3
Can Can Bunny Extra (Japan),首映日EX
Can Can Bunny Premiere (Japan) (1M),首映日
Can Can Bunny Premiere 2 (Japan) (Disc 1),首映日2
Can Can Bunny Premiere 2 (Japan) (Disc 1) (Rev A),首映日2
Capcom Generation - Dai-1-shuu Gekitsuiou no Jidai (Japan),卡普空时代 - 第1集 - 击坠王的时代
Capcom Generation - Dai-2-shuu Makai to Kishi (Japan),卡普空时代 - 第2集 - 魔界的骑士
Capcom Generation - Dai-3-shuu Koko ni Rekishi Hajimaru (Japan),卡普空时代 - 第3集 - 历史从这里开始
Capcom Generation - Dai-4-shuu Kokou no Eiyuu (Japan),卡普空时代 - 第4集 - 孤高的英雄
Capcom Generation - Dai-5-shuu Kakutouka-tachi (Japan),卡普空时代 - 第5集 - 街头霸王
"Casper (Europe) (En,Fr,De)",鬼马小精灵
Casper (Japan),鬼马小精灵
Casper (USA),鬼马小精灵
Cat the Ripper - 13Ninme no Tanteishi (Japan),第十三名侦探
Center Ring Boxing (USA),中环拳击
"Chaos Control (Europe) (En,Fr,De)",混沌控制
Chaos Control (Japan),混沌控制
Chaos Control Remix (Japan),混沌控制 - REMIX
Chibi Maruko-chan no Taisen Puzzle-dama (Japan),樱桃小丸子 - 对战解谜方块
Choro Q Park (Japan),Q版赛车公园
Chou Aniki - Kyuukyoku... Otoko no Gyakushuu (Japan),超兄贵 - 究极男的逆袭
Chou Jikuu Yousai Macross - Ai Oboete Imasu ka (Japan) (Disc 1),超时空要塞 - 可曾记得爱
Chou Jikuu Yousai Macross - Ai Oboete Imasu ka (Japan) (Disc 2),超时空要塞 - 可曾记得爱
Christmas NiGHTS into Dreams... (Europe),圣诞夜之梦
Christmas NiGHTS into Dreams... (Japan) (Rev A),圣诞夜之梦
Christmas NiGHTS into Dreams... (USA),圣诞夜之梦
Cleopatra Fortune (Japan),埃及女王的财宝
ClockWerx (Japan),时钟机关之星
Clockwork Knight - Pepperouchau no Daibouken Gekan (Japan) (2M),发条骑士大模型 - 下巻
Clockwork Knight - Pepperouchau no Daibouken Joukan (Japan),发条骑士大冒険 - 上巻
Clockwork Knight - Pepperouchau no Fukubukuro (Japan),发条骑士大冒険 - 合集
Clockwork Knight - Pepperouchau's Adventure (Europe),发条骑士大冒険
Clockwork Knight - Pepperouchau's Adventure (USA),发条骑士大冒険
Clockwork Knight 2 - Pepperouchau's Adventure (Europe) (2S),发条骑士大冒険2
Clockwork Knight 2 - Pepperouchau's Adventure (Europe) (3S),发条骑士大冒険2
"Clockwork Knight 2 - Pepperouchau's Adventure (USA, Brazil)",发条骑士大冒険2
Code R (Japan),代码R
College Slam (USA),大学篮球
"Command & Conquer (Europe) (En,Fr,De) (Disc 1) (GDI)",命令与征服
"Command & Conquer (Europe) (En,Fr,De) (Disc 2) (NOD)",命令与征服
Command & Conquer (France) (Disc 1) (GDI),命令与征服
Command & Conquer (France) (Disc 2) (NOD),命令与征服
Command & Conquer (Japan) (Disc 1) (GDI Disc),命令与征服
Command & Conquer (Japan) (Disc 2) (NOD Disc),命令与征服
Command & Conquer (USA) (Disc 1) (GDI Disc),命令与征服
Command & Conquer (USA) (Disc 2) (NOD Disc),命令与征服
Command & Conquer - Teil 1 - Der Tiberiumkonflikt (Germany) (Disc 1) (GDI),命令与征服 - 第一章 - 泰伯利亚冲突
Command & Conquer - Teil 1 - Der Tiberiumkonflikt (Germany) (Disc 2) (NOD),命令与征服 - 第一章 - 泰伯利亚冲突
Congo - The Movie - The Lost City of Zinj (USA),刚果电影版
Contra - Legacy of War (USA),魂斗罗 - 战争的遗产
"Conveni 2, The - Zenkoku Chain Tenkai da! (Japan)",便利店2 - 展开全国连锁
"Conveni, The - Ano Machi o Dokusen seyo (Japan)",便利店 - 独占那条街的市场
Corpse Killer - Graveyard Edition (USA) (Disc 1) (R),僵尸杀手
Corpse Killer - Graveyard Edition (USA) (Disc 2),僵尸杀手
"Courier Crisis - The Saga of the Modern Fatalist (Europe) (En,Fr,De,It)",危机制造者 - 现代宿命论者的传奇
Courier Crisis - The Saga of the Modern Fatalist (Japan),危机制造者 - 现代宿命论者的传奇
Courier Crisis - The Saga of the Modern Fatalist (USA),危机制造者 - 现代宿命论者的传奇
Creature Shock (Japan) (Disc 1),人体历险
Creature Shock (Japan) (Disc 2),人体历险
Creature Shock - Special Edition (USA) (Disc 1),人体历险 - 特别版
Creature Shock - Special Edition (USA) (Disc 2),人体历险 - 特别版
"Crimewave (Europe) (En,Fr,De,Es,It)",犯罪高潮
Crimewave (Japan),犯罪高潮
Crimewave (USA),犯罪高潮
Criticom (USA),御意见无用
Criticom - The Critical Combat (Japan),临界战斗
Croc - Legend of the Gobbos (Europe),超级克拉鳄
Croc - Legend of the Gobbos (USA),超级克拉鳄
Croc! Pau-Pau Island (Japan),鳄鱼 - 保罗岛
Cross Romance - Koi to Mahjong to Hanafuda to (Japan),穿越浪漫 - 恋与麻雀萁花札
Cross Tantei Monogatari - Motsureta Nanatsu no Labyrinth (Japan) (Disc 1),CROSS侦探物语 - 纠结的7个迷宫
Cross Tantei Monogatari - Motsureta Nanatsu no Labyrinth (Japan) (Disc 2),CROSS侦探物语 - 纠结的7个迷宫
"Crow, The - City of Angels (Europe)",乌鸦2 - 天使之城
"Crow, The - City of Angels (Germany)",乌鸦2 - 天使之城
"Crow, The - City of Angels (Japan)",乌鸦2 - 天使之城
"Crow, The - City of Angels (USA)",乌鸦2 - 天使之城
Crows - The Battle Action for SegaSaturn (Japan),热血高校
Crusader - No Remorse (Europe),十字军
Crusader - No Remorse (France),十字军
Crusader - No Remorse (Germany),十字军
Crusader - No Remorse (USA),十字军
Crypt Killer (Europe) (R),妖霸天下
Crypt Killer (USA),妖霸天下
Cube Battler - Story of Anna (Japan),方块战士 - 安娜未来篇
Cube Battler - Story of Shou (Japan),方块战士 - 调停人翔篇
Culdcept (Japan) (Rev A) (10M),卡片召唤师
Culdcept (Japan) (Rev B) (20M),卡片召唤师
Cyber Doll (Japan),武装斗士
Cyber Speedway (Europe) (RE),赛博高速公路
Cyber Speedway (USA),赛博高速公路
Cyberbots - Fullmetal Madness (Japan) (1M),装甲之战 - 全金属狂潮
Cyberbots - Fullmetal Madness (Japan) (2M),装甲之战 - 全金属狂潮
"Cyberia (Europe) (En,Fr,De)",生化悍将
Cyberia (Japan),生化悍将
"Cyberia (USA) (En,Fr,De)",生化悍将
D (Europe) (Disc I),D之食卓
D (Europe) (Disc II),D之食卓
D (France) (Disc I),D之食卓
D (France) (Disc II),D之食卓
D (Germany) (Disc I),D之食卓
D (Germany) (Disc II),D之食卓
D (USA) (Disc I),D之食卓
D (USA) (Disc II),D之食卓
D no Shokutaku (Japan) (Disc 1),D之食卓
D no Shokutaku (Japan) (Disc 2),D之食卓
D-Xhird (Japan) (1M),恶神传
D-Xhird (Japan) (2M),恶神传
DJ Wars (Japan) (Rev A) (10M),DJ战争
DX Nippon Tokkyuu Ryokou Game - Let's Travel in Japan (Japan),DX日本特急旅行游戏 - 去日本旅行
Daibouken - Great Adventure - St. Elmos no Kiseki (Japan),大冒险 - 圣埃尔莫斯的奇迹
Daikoukai Jidai Gaiden (Japan),大航海时代外传
Daikoukai Jidai II (Japan),大航海时代II
Daisenryaku - Strong Style (Japan),大战略 - 钢铁雄风
Daisuki (Japan) (Disc 1),最喜欢你
Daitoride (Japan),大牌砦
Darius Gaiden (Europe),太空战斗机外传
Darius Gaiden (Japan) (2M),太空战斗机外传
Darius Gaiden (Japan) (3M),太空战斗机外传
Darius Gaiden (USA),太空战斗机外传
Darius II (Europe),太空战斗机2
Darius II (Japan) (2M),太空战斗机2
Dark Legend (USA),黑暗传说
Dark Savior (Europe),黑暗救世主
Dark Savior (Japan),黑暗救世主
Dark Savior (USA),黑暗救世主
Dark Seed II (Japan),黑暗之蛊2
"Darklight Conflict (Europe) (En,Fr,De,Es,It,Sv)",暗日
"Darklight Conflict (USA) (En,Fr,De,Es,It,Sv)",暗日
Darkseed (Japan),黑暗种子
Daytona USA (Europe),梦游美国
Daytona USA (Europe) (1S),梦游美国
Daytona USA (Europe) (2S),梦游美国
Daytona USA (Japan),梦游美国
Daytona USA (USA),梦游美国
Daytona USA - Championship Circuit Edition (Europe) (Rev A),梦游美国 - 锦标赛版
Daytona USA - Championship Circuit Edition (USA),梦游美国 - 锦标赛版
"Daytona USA - Circuit Edition (Japan) (En,Ja)",梦游美国 - 环行版
Daytona USA C.C.E. Net Link Edition (USA),梦游美国C.C.E. - 网络链接版
DeJig - Aqua World (Japan),锡铁小兵 - 海洋世界
DeJig - Lassen - Art Collection (Japan),锡铁小兵 - LASSEN艺术收藏版
DeJig - McKnight - Art Collection (Japan),锡铁小兵 - McKnight艺术收藏版
DeJig - Tin Toy (Japan),锡铁小兵拼图
Dead or Alive (Japan) (1M),生与死
Dead or Alive (Japan) (2M),生与死
Dead or Alive (Japan) (Rev A) (10M),生与死
Deadalus (Japan) (1M),死亡逻辑
Deadalus (Japan) (2A),死亡逻辑
Deadalus (Japan) (3A),死亡逻辑
Death Crimson (Japan),死亡之枪
Death Throttle - Kakuzetsu Toshi kara no Dasshutsu (Japan),死亡扼杀 - 逃出隔离诚
DeathMask (Japan) (Disc 1),死亡面具
DeathMask (Japan) (Disc 2),死亡面具
DeathMask (Japan) (Disc 3),死亡面具
DecAthlete (Japan) (1M),十项全能
DecAthlete (Japan) (2M),十项全能
DecAthlete (Japan) (Rev A) (10M),十项全能
DecAthlete (Japan) (Rev B) (20M),十项全能
DecAthlete (USA),十项全能
DecAthlete for SegaNet (Japan),十项全能 - 世嘉网络版
Deep Fear (Europe) (Disc 1),深海恐惧
Deep Fear (Europe) (Disc 2),深海恐惧
Deep Fear (Japan) (Disc 1),深海恐惧
Deep Fear (Japan) (Disc 2),深海恐惧
Defcon 5 (Europe),核战危机5
Defcon 5 (France),核战危机5
Defcon 5 (Japan),核战危机5
Defcon 5 - Peace Has a Price... (USA),核战危机5 - 和平的代价
Deka 4-ku - Tough the Truck (Japan),四驱卡车
Delisoba Deluxe (Japan),豪华版外卖荞麦面
Dennou Senki - Virtual On - Cyber Troopers (Japan),电脑战机
Dennou Senki - Virtual On - Cyber Troopers (Korea),电脑战机
Dennou Senki - Virtual On - Cyber Troopers for SegaNet (Japan),电脑战机 - 世嘉网络版
Denpa Shounen-teki Game (Japan) (Rerelease),电波少年的悬赏生活
Denpa Shounen-teki Game (Japan) (Rev A),电波少年的悬赏生活
Densetsu no Ogre Battle (Japan),传说的奥枷战争
Densha de Go! EX (Japan),电车GO - EX
Derby Stallion (Japan),德比赛马
Deroon Dero Dero (Japan) (1M),益智迪诺
Desire (Japan) (Disc 1),欲望
Desire (Japan) (Disc 2) (1M),欲望
Desire (Japan) (Disc 2) (2M),欲望
Destruction Derby (Europe),毁灭大赛车
Destruction Derby (Japan),毁灭大赛车
Detana Twinbee Yahoo! Deluxe Pack (Japan) (3M),出击兵蜂 - 豪华版
Device Reign (Japan),危机世代
Devil Summoner - Soul Hackers (Japan) (Disc 1),恶魔召唤师 - 灵魂黑客
Devil Summoner - Soul Hackers (Japan) (Disc 2),恶魔召唤师 - 灵魂黑客
Dezaemon 2 (Japan),射击工具制造2
Die Hard Arcade (Europe),终极警探
Die Hard Arcade (USA),终极警探
"Die Hard Trilogy (Europe) (En,Fr,De,Es,It,Sv)",虎胆龙威
Die Hard Trilogy (Japan),虎胆龙威
Die Hard Trilogy (USA),虎胆龙威
Digital Ange - Dennou Tenshi SS (Japan),电脑天使SS
Digital Monster Ver. S - Digimon Tamers (Japan),数码暴龙S - 驯兽师
Digital Pinball (Europe) (4S),数码弹珠台
Digital Pinball (Europe) (7S),数码弹珠台
Digital Pinball - Last Gladiators (Japan),数码弹珠台 - 最后的角斗士
Digital Pinball - Last Gladiators Ver.9.7 (Japan),数码弹珠台 - 最后的角斗士V9.7
Digital Pinball - Necronomicon (Japan),数码弹珠台 - 死灵之书
Dino Island (Japan),恐龙岛
Discworld (Japan),迪斯科世界
"Discworld II - Missing Presumed...! (Europe) (En,Fr,De,Es,It)",迪斯科世界2 - 推定失踪
DoDonPachi (Japan),怒首领蜂
DonPachi (Japan),首领蜂
Doom (Europe) (R),毁灭战士
Doom (Japan),毁灭战士
Doom (USA),毁灭战士
Doraemon - Nobita to Fukkatsu no Hoshi (Japan),哆啦A梦 - 野比和复活之星
Double Switch (USA) (Disc 1),双调转术
Double Switch (USA) (Disc 2),双调转术
Doukoku Soshite... (Japan) (1M),慟哭之後
Doukoku Soshite... (Japan) (2M),慟哭之後
"Doukyuusei - if (Japan) (1M, 2M)",同级生if
Doukyuusei 2 (Japan) (Disc A),同级生2
Doukyuusei 2 (Japan) (Disc B),同级生2
Dragon Ball Z - Idainaru Dragon Ball Densetsu (Japan),龙珠Z - 伟大的龙珠传说
"Dragon Ball Z - La Grande Legende des Boules de Cristal (France, Spain)",龙珠Z - 伟大的龙珠传说
Dragon Ball Z - Shinbutouden (Japan),龙珠Z - 真武斗传
Dragon Force (Europe),龙之力量
"Dragon Force (Japan) (1M, 2M, 3M)",龙之力量
Dragon Force (Japan) (4M),龙之力量
Dragon Force (Japan) (Rev A) (10M),龙之力量
Dragon Force (USA),龙之力量
Dragon Force II - Kami Sarishi Daichi ni (Japan),龙之力量2 - 神去的大地
Dragon Force II - Kami Sarishi Daichi ni (Japan) (Rev A),龙之力量2 - 神去的大地
Dragon Master Silk (Japan),龙之少女
Dragon's Dream (Japan),龙之梦
"DragonHeart - Fire & Steel (Europe) (En,Fr,De)",龙之心 - 火与钢
DragonHeart - Fire & Steel (USA),龙之心 - 火与钢
Dream Generation - Koi ka Shigoto ka!... (Japan),梦幻世代
Drift King Shutokou Battle '97 - Tsuchiya Keiichi & Bandou Masaaki (Japan),漂移之王 - 首都高赛车'97 - 土屋启一&坂东正明
Druid - Yami e no Tsuisekisha (Japan),德鲁伊 - 黑暗追踪者
Duke Nukem 3D (Europe),毁灭公爵3D
Duke Nukem 3D (USA),毁灭公爵3D
Dungeon Master Nexus (Japan),地牢围攻核心版
Dungeons & Dragons Collection (Japan) (Disc 1) (Tower of Doom),龙与地下城
Dungeons & Dragons Collection (Japan) (Disc 2) (Shadow over Mystara),龙与地下城
Dynamite Deka (Japan),快打刑事
Earthworm Jim 2 (Europe),蚯蚓吉姆2
Earthworm Jim 2 (Japan) (2M),蚯蚓吉姆2
Earthworm Jim 2 (USA),蚯蚓吉姆2
Eberouge (Japan) (Disc 1) (1M),恋爱物语
Eberouge (Japan) (Disc 2),恋爱物语
Eberouge Special - Koi to Mahou no Gakuen Seikatsu (Japan),恋爱物语特别版 - 魔法学院
Eisei Meijin (Japan) (2M),永世名人
Eisei Meijin II (Japan),永世名人2
Eiyuu Shigan - Gal Act Heroism (Japan),英雄志愿
Elevator Action^2 - Returns (Japan),电梯大战2 - 回归
Elf o Karu Monotachi (Japan) (Disc 1),精灵狩猎者
Elf o Karu Monotachi (Japan) (Disc 2) (Omake Disc),精灵狩猎者
Elf o Karu Monotachi - Hanafuda-hen (Japan),精灵狩猎者 - 花札篇
Elf o Karu Monotachi II (Japan) (Disc 1),精灵狩猎者2
Elf o Karu Monotachi II (Japan) (Disc 2) (Omake Disc),精灵狩猎者2
Enemy Zero (Europe) (Disc 0) (Opening Disc),异灵
Enemy Zero (Europe) (Disc 1) (Game Disc),异灵
Enemy Zero (Europe) (Disc 2) (Game Disc),异灵
Enemy Zero (Europe) (Disc 3) (Game Disc),异灵
Enemy Zero (Japan) (Disc 0) (Opening Disc),异灵
Enemy Zero (Japan) (Disc 0) (Opening Disc) (1M),异灵
Enemy Zero (Japan) (Disc 0) (Opening Disc) (2M),异灵
Enemy Zero (Japan) (Disc 0) (Opening Disc) (Satakore),异灵
Enemy Zero (Japan) (Disc 1) (Game Disc),异灵
Enemy Zero (Japan) (Disc 1) (Game Disc) (1M),异灵
Enemy Zero (Japan) (Disc 1) (Game Disc) (2M),异灵
Enemy Zero (Japan) (Disc 1) (Game Disc) (Satakore),异灵
Enemy Zero (Japan) (Disc 2) (Game Disc),异灵
Enemy Zero (Japan) (Disc 2) (Game Disc) (1M),异灵
Enemy Zero (Japan) (Disc 2) (Game Disc) (2M),异灵
Enemy Zero (Japan) (Disc 2) (Game Disc) (Satakore),异灵
Enemy Zero (Japan) (Disc 3) (Game Disc),异灵
"Enemy Zero (Japan) (Disc 3) (Game Disc) (1M, 4M)",异灵
Enemy Zero (Japan) (Disc 3) (Game Disc) (3M),异灵
Enemy Zero (Japan) (Disc 3) (Game Disc) (Satakore),异灵
Enemy Zero (USA) (Disc 0),异灵
Enemy Zero (USA) (Disc 1),异灵
Enemy Zero (USA) (Disc 2),异灵
Enemy Zero (USA) (Disc 3),异灵
Eternal Melody (Japan),永恒的旋律
Eternal Melody (Japan) (Rev A),永恒的旋律
Etude Prologue - Yureugoku Kokoro no Katachi (Japan),练习曲 - 序章动摇的心情
Eve - Burst Error (Japan) (Disc 1) (Kojiroh Disc),夜行侦探
Eve - Burst Error (Japan) (Disc 2) (Marina Disc),夜行侦探
Eve - Burst Error (Japan) (Disc 3) (Terror Disc),夜行侦探
Eve - Burst Error (Japan) (Disc 4) (Making Disc),夜行侦探
Eve - The Lost One (Japan) (Disc 1) (Kyoko Disc) (1M),夜行侦探 - 迷失者
Eve - The Lost One (Japan) (Disc 2) (Snake Disc) (2M),夜行侦探 - 迷失者
Eve - The Lost One (Japan) (Disc 3) (Lost One Disc) (1M),夜行侦探 - 迷失者
Eve - The Lost One (Japan) (Disc 3) (Lost One Disc) (2M),夜行侦探 - 迷失者
Eve - The Lost One (Japan) (Disc 4) (Extra Disc) (1M),夜行侦探 - 迷失者
Eve - The Lost One (Japan) (Disc 4) (Extra Disc) (2M),夜行侦探 - 迷失者
"Exhumed (Europe) (En,Fr,De,Es)",掘出尸首
F-1 Challenge (Europe),F1挑战赛
F-1 Live Information (Japan),F1实况
F1 Challenge (USA),F1挑战赛
FEDA Remake! The Emblem of Justice (Japan),FEDA复刻版 - 正义纹章
FIFA - Die WM-Qualifikation 98 (Germany),FIFA - 世界杯之路'98
FIFA - En Route pour la Coupe du Monde 98 (France),FIFA - 世界杯之路'98
"FIFA - Road to World Cup 98 (Europe) (En,Fr,De,Es,It,Nl,Sv)",FIFA - 世界杯之路'98
"FIFA - Road to World Cup 98 (Italy) (En,Fr,De,Es,It,Nl,Sv)",FIFA - 世界杯之路'98
FIFA - Road to World Cup 98 (USA),FIFA - 世界杯之路'98
FIFA - Rumbo al Mundial 98 (Spain),FIFA - 世界杯之路'98
"FIFA 97 (Europe) (En,Fr,De,Es,It,Sv)",FIFA'97
"FIFA 97 (France) (En,Fr,De,Es,It,Sv)",FIFA'97
"FIFA 97 (Germany) (En,Fr,De,Es,It,Sv)",FIFA'97
"FIFA Soccer 96 (Europe) (En,Fr,De,Es,It,Sv)",FIFA世界足球'96
FIFA Soccer 96 (Japan),FIFA世界足球'96
FIFA Soccer 96 (USA),FIFA世界足球'96
FIFA Soccer 97 (USA),FIFA世界足球'97
Falcom Classics (Japan) (Disc 1) (Game Disc),Falcom经典怀旧合集
Falcom Classics II (Japan),Falcom经典怀旧合集2
Falcom Classics II (Japan) (Genteiban),Falcom经典怀旧合集2
Fantastep (Japan),梦幻脚步
Farland Saga (Japan),古大陆物语
Farland Saga - Toki no Michishirube (Japan),古大陆物语 - 时之道标
Farland Story - Habou no Mai (Japan),古大陆物语 - 破亡之舞
Father Christmas (Japan),圣诞老人
Fighter's History Dynamite (Japan),斗士历史
Fighters Megamix (Europe),VR战士对格斗之蛇
Fighters Megamix (Japan),VR战士对格斗之蛇
Fighters Megamix (Japan) (1M),VR战士对格斗之蛇
Fighters Megamix (Japan) (2M),VR战士对格斗之蛇
Fighters Megamix (USA),VR战士对格斗之蛇
Fighters Megamix (USA) (RE),VR战士对格斗之蛇
Fighting Vipers (Europe),格斗之蛇
Fighting Vipers (Japan) (Rev A),格斗之蛇
Fighting Vipers (Japan) (Rev C),格斗之蛇
Fighting Vipers (Korea),格斗之蛇
"Fighting Vipers (USA) (5S, 6S)",格斗之蛇
Final Fight Revenge (Japan),快打旋风复仇
Find Love 2 - Rhapsody (Japan) (Disc 1),全国制服美少女2 - 狂诗曲
Find Love 2 - Rhapsody (Japan) (Disc 2),全国制服美少女2 - 狂诗曲
Find Love 2 - The Prologue (Japan),全国制服美少女2 - 序幕
Fire Pro Gaiden Blazing Tornado (Japan),火爆职业摔跤
Fire Prowrestling S - 6Men Scramble (Japan) (1M),火爆摔跤S - 6人大战
Fire Prowrestling S - 6Men Scramble (Japan) (2M),火爆摔跤S - 6人大战
"Firestorm - Thunderhawk 2 (Europe) (En,Fr)",火焰风暴 - 雷霆飞鹰2
Firestorm - Thunderhawk 2 (Germany),火焰风暴 - 雷霆飞鹰2
Fishing Koushien (Japan),钓鱼甲子园
Fishing Koushien II (Japan),钓鱼甲子园2
Fist (Japan),FIST格斗
Formula Grand Prix - Team Un'ei Simulation (Japan),方程式锦标赛 - 模拟团队运营
"Formula Karts - Special Edition (Europe) (En,Fr,De,Es)",卡丁车 - 特别版
Frank Thomas Big Hurt Baseball (Europe),法兰克棒球
Frank Thomas Big Hurt Baseball (Japan),法兰克棒球
Frank Thomas Big Hurt Baseball (USA),法兰克棒球
Frankenstein - Through the Eyes of the Monster (Europe),弗兰肯斯坦 - 透过怪物的眼睛
Free Talk Studio - Mari no Kimamana Oshaberi (Japan),免费聊天室 - 玛丽的随意聊天
Friends - Seishun no Kagayaki (Japan) (Disc 1) (Game Disc),青春的光辉
Friends - Seishun no Kagayaki (Japan) (Disc 2) (Special Disc),青春的光辉
From TV Animation Slam Dunk - I Love Basketball (Japan),灌篮高手 - 我爱篮球
Fully Cowled Mini Yonku - Super Factory (Japan) (Rev A) (10M),迷你四驱车 - 超级工厂
Fully Cowled Mini Yonku - Super Factory (Japan) (Rev A) (11M),迷你四驱车 - 超级工厂
Funky Fantasy (Japan),古怪幻想
Funky Head Boxers (Japan),大头拳击
Funky Head Boxers Plus (Japan),大头拳击加强版
Fushigi no Kuni no Angelique (Japan),安琪莉可女王
Fuusui Sensei - Feng-Shui Master (Japan),风水先生
G Vector (Japan),G战机
GT24 (Japan),GT24赛车
Gaia Breeder (Japan),盖亚饲养员
Gakkou no Kaidan (Japan),学校怪谈
Gakkou no Kowai Uwasa - Hanako-san ga Kita!! (Japan),学校花子物语
Gal Jan (Japan),妖艳电视麻雀游戏
Galactic Attack (Europe),太空侵略者
Galactic Attack (USA),太空侵略者
Galaxy Fight (Europe),银河快打
Galaxy Fight (USA),银河快打
Galaxy Fight - Universal Warriors (Japan),银河快打 - 宇宙战士
"Gale Racer (Japan) (En,Ja) (1A)",烈风比赛
Gals Panic SS (Japan),美少女画线SS
Game Tengoku - The Game Paradise! (Japan),游戏天国
Game de Seishun (Japan) (Rev A),游戏青春
Game no Tatsujin (Japan) (4M),游戏达人
Game no Tatsujin (Japan) (Rev A),游戏达人
Game no Tatsujin 2 (Japan),游戏达人2
Game no Tetsujin - The Shanghai (Japan),游戏达人 - 上海
"Game of Life, The - DX Jinsei Game (Japan)",DX人生游戏 - 游戏人生
"Game of Life, The - DX Jinsei Game (Japan) (Rev A)",DX人生游戏 - 游戏人生
"Game of Life, The - DX Jinsei Game (Japan) (Rev B)",DX人生游戏 - 游戏人生
"Game of Life, The - DX Jinsei Game II (Japan) (2M)",DX人生游戏 - 游戏人生
Game-Ware Vol. 2 (Japan),世嘉GAMEWARE - 卷2
Game-Ware Vol. 4 (Japan) (Disc A),世嘉GAMEWARE - 卷4
Game-Ware Vol. 4 (Japan) (Disc B),世嘉GAMEWARE - 卷4
"Garou Densetsu 3 - Road to the Final Victory (Japan) (En,Ja)",饿狼传说3 - 最终胜利之路
GeGeGe no Kitarou - Gentou Kaikitan (Japan),鬼太郎幻冬怪奇譚
Gebockers (Japan),快乐战争
Gekiretsu Pachinkers (Japan),激烈柏青哥
Gekirindan (Japan),逆鳞弹
Gekitotsu Koushien (Japan),激突甲子园
Gekka Mugentan Torico (Japan) (Disc A) (Kyouchou-hen) (1M),月花雾幻谭
Gekka Mugentan Torico (Japan) (Disc A) (Kyouchou-hen) (2M),月花雾幻谭
Gekka Mugentan Torico (Japan) (Disc B) (Houkai-hen) (1M),月花雾幻谭
Gekka Mugentan Torico (Japan) (Disc B) (Houkai-hen) (2M),月花雾幻谭
Gekka no Kishi - Ouryuu-sen (Japan),月下的棋士 - 王龙战
Gensou Suikoden (Japan),幻想水浒传
Gex (Europe),杰克龙
Gex (Japan),杰克龙
Gex (USA),杰克龙
Ghen War (Europe),戈恩战争
Ghen War (Japan),戈恩战争
Ghen War (USA),戈恩战争
Ginga Eiyuu Densetsu (Japan),银河英雄传说
Ginga Eiyuu Densetsu Plus (Japan),银河英雄传说 - 加强版
Ginga Ojousama Densetsu Yuna - Mika Akitaka Illust Works (Japan),银河大小姐传说 - 明田美香插图作品
Ginga Ojousama Densetsu Yuna 3 - Lightning Angel (Japan),银河大小姐传说3 - 闪电天使
Ginga Ojousama Densetsu Yuna Remix (Japan),银河大小姐传说 - REMIX
Girl Doll Toy - Tamashii o Kudasai (Japan),女生玩具娃娃 - 请给我灵魂
Girls in Motion Puzzle Vol. 1 - Hiyake no Omoide + Himekuri (Japan),美女拼图1 - 日灼想出
Girls in Motion Puzzle Vol. 2 - Body Special 264 (Japan),美女拼图2 - 特别身体264
Go III Professional - Taikyoku Igo (Japan),专业对局围棋
Godzilla - Rettou Shinkan (Japan),哥斯拉 - 列岛震撼
Goiken Muyou - Anarchy in the Nippon (Japan),御意见无用
Gokujou Parodius Da! Deluxe Pack (Japan),极上Q版沙罗曼蛇
Gokujou Parodius Da! Deluxe Pack (Japan) (Rev A),极上Q版沙罗曼蛇
Golden Axe - The Duel (Europe),战斧格斗篇
Golden Axe - The Duel (Japan) (2M),战斧格斗篇
Golden Axe - The Duel (USA),战斧格斗篇
Gotha - Ismailia SenEki (Japan),天空战记
Gotha II - Tenkuu no Kishi (Japan),天空战记2 - 天空骑士
Gouketsuji Ichizoku 3 - Groove on Fight (Japan),豪血寺一族3
Gradius Deluxe Pack (Japan),宇宙巡航舰 - 复活的神话
Gran Chaser (Japan) (3M),追击老爷车
Gran Chaser (Japan) (Rev A) (11M),追击老爷车
GranDread (Japan),大恐怖
Grand Slam (USA),大满贯
Grandia (Japan) (Disc 1) (1M),格兰蒂亚
Grandia (Japan) (Disc 1) (2M),格兰蒂亚
Grandia (Japan) (Disc 1) (4M),格兰蒂亚
"Grandia (Japan) (Disc 2) (1M, 2M)",格兰蒂亚
Grandia (Japan) (Disc 2) (3M),格兰蒂亚
Grandia (Japan) (Disc 2) (4M),格兰蒂亚
Grandia - Digital Museum (Japan),格兰蒂亚 - 数码博物馆
Grandia - Digital Museum (Japan) (Rev A) (10M),格兰蒂亚 - 数码博物馆
Greatest Nine '96 (Japan) (2M),最强九人棒球'96
Greatest Nine '96 (Japan) (3M),最强九人棒球'96
Greatest Nine '96 (Japan) (Rev A) (10M),最强九人棒球'96
Grid Run (Europe),网栅
Grid Runner (Japan),网栅
Grid Runner (USA),网栅
Guardian Force (Japan),守护力量
Guardian Heroes (Europe),守护英雄
Guardian Heroes (Japan) (3M),守护英雄
Guardian Heroes (USA),守护英雄
Gun Griffon (Europe),武装雄狮
GunBlaze-S (Japan),美少女特勤组S
Gunbird (Japan),武装飞鸟
Gungriffon (USA),武装雄狮
Gungriffon - The Eurasian Conflict (Japan),武装雄狮 - 欧亚冲突
Gungriffon II (Japan),武装雄狮2
Gussun Oyoyo S (Japan),豆豆君S
Gyuwambler Jiko Chuushinha - Tokyo Mahjongland (Japan),自我中心派 - 东京麻将乐园
Habitat II (Japan),栖息地2
Hang On GP '95 (Japan) (1M),GP赛车'95
Hang On GP '95 (Japan) (2M),GP赛车'95
Hang On GP '96 (Europe),GP赛车'96
Hang-On GP (USA),GP赛车
Hansha de Spark! (Japan),反射对战
"Hardcore 4x4 (Europe) (En,Fr,De)",硬核4X4
Harukaze Sentai V-Force (Japan) (Disc 1),春风战队
Harukaze Sentai V-Force (Japan) (Disc 2),春风战队
Harukaze Sentai V-Force (Japan) (Disc 3),春风战队
HatTrick Hero S (Japan),帽子戏法英雄S
Hatsukoi Monogatari (Japan),初恋物语
Haunted Casino (Japan) (Disc A),魔女赌场
Haunted Casino (Japan) (Disc B),魔女赌场
Haunted Casino (Japan) (Disc C),魔女赌场
Heartbeat Scramble (Japan),心跳回忆 - 真人版
Hebereke's Popoitto (Europe),迷糊蛋消除方块
Heir of Zendor - The Legend and The Land (USA),天空的骑士 - 传说与土地
Heisei Tensai Bakabon - Susume! Bakabons (Japan),平成天才笨蛋波恩
Heiwa Pachinko Soushingeki (Japan) (1M),平合总进击
Henry Explorers (Japan),妖霸天下
Herc's Adventures (USA) (RE),大力神的冒险
"Hexen (Europe) (En,Fr,De,Es,It)",毁灭巫师
Hexen (USA),毁灭巫师
Hexen - Beyond Heretic (Japan),邪教巫师
"Hi-Octane (Europe) (En,Fr,De,Es)",机动战车
Hi-Octane (Japan),机动战车
"Hi-Octane - The Track Fights Back! (USA) (En,Fr,De,Es)",轨道还击
Hideo Nomo World Series Baseball (Japan),野茂英雄棒球
High Velocity - Mountain Racing Challenge (USA),高海拔山脉越野挑战赛
Highschool Terra Story (Japan),高校恋爱故事
Highway 2000 (Europe),公路2000
Highway 2000 (USA),公路2000
Himitsu Sentai Metamor V (Japan),春风战队V
Hissatsu Pachinko Collection (Japan),必杀柏青哥合集
Hissatsu Pachinko Collection (Japan) (Rev A),必杀柏青哥合集
Hissatsu! (Japan),忍杀
Hokuto no Ken (Japan),北斗神拳
Honkaku 4-nin Uchi Geinoujin Taikyoku Mahjong - The Wareme de Pon (Japan),本格四人打 - 异能人对战麻雀
Honkaku Hanafuda (Japan),本格花札
Honkaku Pro Mahjong - Tetsuman Special (Japan),本格职业麻将 - 彻万特别版
Honkaku Shougi Shinan - Wakamatsu Shougi Juku (Japan),本格将棋指南 - 若松将棋塾
Hop Step Idol (Japan),舞动的偶像
"Horde, The (Europe)",部落
"Horde, The (France)",部落
"Horde, The (Germany)",部落
"Horde, The (Japan)",部落
"Horde, The (USA)",部落
Horror Tour (Japan),穿越死亡线
Horror Tour (Japan) (Rev B) (12M),穿越死亡线
Houkago Ren'ai Club - Koi no Etude (Japan) (Disc 1),放课后恋爱俱乐部 - 恋爱练习曲
Houkago Ren'ai Club - Koi no Etude (Japan) (Disc 2),放课后恋爱俱乐部 - 恋爱练习曲
Houma Hunter Lime Perfect Collection (Japan) (Disc 1),宝魔猎人 - 完美精选集
Houma Hunter Lime Perfect Collection (Japan) (Disc 2),宝魔猎人 - 完美精选集
"House of the Dead, The (Europe)",死亡之屋
"House of the Dead, The (Japan)",死亡之屋
"House of the Dead, The (Japan) (Rev A)",死亡之屋
"House of the Dead, The (USA)",死亡之屋
Hyper 3-D Pinball (USA),超级3D弹珠球
Hyper 3D Pinball (Japan),超级3D弹珠台
Hyper Duel (Japan),神枪战机
"Hyper Golf, The - Devil's Course (Japan)",魔鬼高尔夫球场
Hyper Reverthion (Japan) (2M),超越转换
Hyper Securities S (Japan),心跳股票S
Ide Yousuke Meijin no Shin Jissen Mahjong (Japan) (2M),井出洋介的新实战麻雀
Idol Janshi Suchie-Pai II (Japan) (Disc 1),美少女雀士2
Idol Janshi Suchie-Pai Mecha Genteiban - Hatsubai 5 Shuunen Toku Package (Japan) (Disc 1),偶像雀士MECHA - 限定版 - 发行五周年纪念包
Idol Janshi Suchie-Pai Mecha Genteiban - Hatsubai 5 Shuunen Toku Package (Japan) (Disc 2),偶像雀士MECHA - 限定版 - 发行五周年纪念包
Idol Janshi Suchie-Pai Mecha Genteiban - Hatsubai 5 Shuunen Toku Package (Japan) (Disc 3),偶像雀士MECHA - 限定版 - 发行五周年纪念包
Idol Janshi Suchie-Pai Remix (Japan),偶像雀士 - REMIX
Idol Janshi Suchie-Pai Special (Japan),偶像雀士 - 特别版
Idol Mahjong - Final Romance 2 (Japan),偶像麻将 - 最终罗曼史2
Idol Mahjong - Final Romance 4 (Japan),偶像麻雀 - 最终浪漫4
Idol Mahjong - Final Romance R (Japan),偶像麻将 - 最终罗曼史R
Impact Racing (Europe),碰撞赛车
Impact Racing (Japan),碰撞赛车
Impact Racing (USA),碰撞赛车
In the Hunt (Europe),海底大战争
In the Hunt (USA),海底大战争
"Incredible Hulk, The - The Pantheon Saga (Europe) (En,Fr,De,Es,It)",绿巨人
"Incredible Hulk, The - The Pantheon Saga (USA)",绿巨人
Independence Day (USA),独立日
"Independence Day - The Game (Europe) (En,Fr,De,Es,It,Sv)",独立日 - 游戏版
International Victory Goal (Europe),国际化 - 胜利足球
Ippatsu Gyakuten - Gambling King e no Michi (Japan),一发逆转 - 赌王之道
Irem Arcade Classics (Japan),Irem街机经典
Iron Man & X-O Manowar in Heavy Metal (Europe),钢铁侠 - 重金属之战
Iron Man & X-O Manowar in Heavy Metal (Japan),钢铁侠 - 重金属之战
Iron Man & X-O Manowar in Heavy Metal (USA),钢铁侠 - 重金属之战
Iron Storm (USA),钢铁风暴
Ishin no Arashi (Japan),维新之岚
Isto E Zico - Zico no Kangaeru Soccer (Japan),伊斯特·艾·吉科～吉科思考的足球
J. B. Harold - Blue Chicago Blues (Japan) (Disc 1),刑事J.B.哈罗德 - 蓝色芝加哥
J. B. Harold - Blue Chicago Blues (Japan) (Disc 2),刑事J.B.哈罗德 - 蓝色芝加哥
J.League Go Go Goal! (Japan),J联盟 - 冲冲射门
J.League Jikkyou Honoo no Striker (Japan) (1M),实况J联盟 - 完美射手
J.League Jikkyou Honoo no Striker (Japan) (2M),实况J联盟 - 完美射手
J.League Pro Soccer Club o Tsukurou! (Japan),J联盟职业创造球会
J.League Pro Soccer Club o Tsukurou! (Japan) (Rev A),J联盟职业创造球会
J.League Pro Soccer Club o Tsukurou! (Japan) (Rev B),J联盟职业创造球会
J.League Pro Soccer Club o Tsukurou! 2 (Japan) (1M),J联盟职业创造球会2
J.League Pro Soccer Club o Tsukurou! 2 (Japan) (2M),J联盟职业创造球会2
J.League Pro Soccer Club o Tsukurou! 2 (Japan) (3M),J联盟职业创造球会2
J.League Pro Soccer Club o Tsukurou! 2 (Japan) (4M),J联盟职业创造球会2
J.League Pro Soccer Club o Tsukurou! 2 (Japan) (Rev C) (32M),J联盟职业创造球会2
J.League Pro Soccer Club o Tsukurou! 2 (Japan) (Rev D) (41M),J联盟职业创造球会2
"J.League Victory Goal '96 (Japan) (1M, 3M)",J联赛胜利足球96
J.League Victory Goal '96 (Japan) (2M),J联赛胜利足球96
J.League Victory Goal '97 (Japan),J联赛胜利足球97
Jantei Battle Cos-Player (Japan) (Disc 1),雀帝
Japan Super Bass Classic '96 (Japan),日本超经典钓鲈'96
"Jewels of the Oracle (Europe) (En,Ja,Fr,De)",先知的魔宝石
Jikkyou Oshaberi Parodius - Forever with Me (Japan),实况Q版沙罗曼蛇
Jikkyou Powerful Pro Yakyuu '95 - Kaimakuban (Japan) (2M),实况力量棒球95 - 开幕版
Jikkyou Powerful Pro Yakyuu S (Japan),实况力量职业棒球S
Jikuu Tantei DD - Maboroshi no Lorelei (Dracula Detective) (Japan) (Disc A),时空侦探DD - 幻之罗蕾莱
Jikuu Tantei DD - Maboroshi no Lorelei (Dracula Detective) (Japan) (Disc B),时空侦探DD - 幻之罗蕾莱
Jissen Mahjong (Japan),实战麻将
Jissen Pachinko Hisshou-hou! Twin (Japan),实战柏青哥必胜法 - TWIN
Jissen! Pachi-Slot Hisshou-hou! 3 (Japan),实战 - 柏青哥必胜法 - 3
Jissen! Pachi-Slot Hisshou-hou! 4 (Japan),实战柏青哥必胜法4
Jissen! Pachi-Slot Hisshou-hou! Iron Hook - The Great Marine Adventures (Japan),实战 - 柏青哥必胜法 - 铁钩船长 - 伟大的航海冒险
Johnny Bazooka (Japan),约翰尼火箭筒
Johnny Bazookatone (Europe),约翰尼火箭筒
Johnny Bazookatone (USA),约翰尼火箭筒
Jonah Lomu Rugby (Europe),约拿罗木橄榄球
Jonah Lomu Rugby (France),约拿罗木橄榄球
Joshikousei no Houkago... Pukunpa (Japan),女子高生放课后方块
Junclassic C.C. & Rope Club (Japan) (2M),日本Jun经典乡村高尔夫俱乐部
Jung Rhythm (Japan),荣格节律
Jungle Park - Saturn Shima (Japan) (Rev A),丛林公园 - 土星岛
K-1 Grand Prix - Fighting Illusion Shou (Japan),K1大奖赛 - 战斗幻觉 - 翔
Kaitei Daisensou (Japan),海底大战争
Kaitou Saint Tail (Japan),怪盗圣少女
Kakinoki Shougi (Japan),柿木将棋
Kakyuusei (Japan) (Disc 1),下级生
Kakyuusei (Japan) (Disc 2) (2M),下级生
Kakyuusei (Japan) (Disc 3) (2M),下级生
Kamen Rider - Sakusen File 1 (Japan),假面骑士 - 作战文件1
Kanazawa Shougi (Japan) (1M),金泽将棋
Kanazawa Shougi (Japan) (2M),金泽将棋
Kanzen Chuukei Pro Yakyuu Greatest Nine (Japan) (Rev A),完全中继 - 最强九人棒球
Kanzen Chuukei Pro Yakyuu Greatest Nine (Japan) (Rev B),完全中继 - 最强九人棒球
Keio Flying Squadron 2 (Europe),庆应游击队2
Keiou Yuugekitai - Katsugeki-hen (Japan),庆应游击队 - 活剧篇
Kekkon - Marriage (Japan),结婚
Kekkon - Marriage - Zen'ya (Japan),结婚 - 前夜
Keriotosse! (Japan),四人抢球
Kidou Senkan Nadesico - The Blank of 3 Years (Japan) (Disc 1),机动战舰 - 空白的三年
Kidou Senkan Nadesico - The Blank of 3 Years (Japan) (Disc 2),机动战舰 - 空白的三年
Kidou Senkan Nadesico - Yappari Saigo wa Ai ga Katsu (Japan),机动战舰 - 爱的胜利
Kidou Senshi Gundam - Gihren no Yabou (Japan),机动战士高达 - 基连之野望
Kidou Senshi Gundam - Gihren no Yabou - Kouryaku Shireisho (Japan),机动战士高达 - 基连之野望 - 攻略指令書
Kidou Senshi Z Gundam - Kouhen Uchuu o Kakeru (Japan),机动战士Z高达 - 后篇 - 穿越穹宇
Kidou Senshi Z Gundam - Zenpen Zeta no Kodou (Japan),机动战士Z高达 - 后篇 - Z之脉动
Kindaichi Shounen no Jikenbo - Hoshimitou Kanashimi no Fukushuuki (Japan),金田一少年事件簿 - 星见岛悲伤的复仇鬼
"King of Boxing, The (Japan)",拳击王
"King of Fighters '95, The (Europe)",拳皇95
"King of Fighters '95, The (Japan) (1M)",拳皇95
"King of Fighters '95, The (Japan) (2M)",拳皇95
"King of Fighters '95, The (Japan) (3M)",拳皇95
"King of Fighters '96, The (Japan) (1M)",拳皇96
"King of Fighters '96, The (Japan) (4M, 5M)",拳皇96
"King of Fighters '97, The (Japan)",拳皇97
Kiss yori... (Japan),从吻开始
Kiss yori... (Japan) (Rev A),从吻开始
"Kisuishou Densetsu Astal (Japan) (1M, 4M)",辉水晶传说
Kisuishou Densetsu Astal (Japan) (3A),辉水晶传说
Kochira Katsushikaku Kameari Kouenmae - Hashutsujo - Nakagawa Land Dai-Race! no Maki (Japan),乌龙派出所
Kochira Katsushikaku Kameari Kouenmae - Hashutsujo - Nakagawa Land Dai-Race! no Maki (Japan) (Satakore),乌龙派出所
Koden Koureijutsu - Hyaku Monogatari - Honto ni Atta Kowai Hanashi (Japan) (Disc 1) (Joukan),古传降灵术百物语 - 恐怖故事
Koden Koureijutsu - Hyaku Monogatari - Honto ni Atta Kowai Hanashi (Japan) (Disc 2) (Gekan),古传降灵术百物语 - 恐怖故事
Koi no Summer Fantasy - in Miyazaki Seagaia (Japan),恋爱夏日幻想
Konami Antiques - MSX Collection Ultra Pack (Japan) (2M),科纳米MSX游戏合集
Koudou Saisoku Densetsu - Initial D (Japan),头文字D
Kouryuu Sangoku Engi (Japan),皇龙三国演义
Koutetsu Reiiki - Steeldom (Japan) (2M),钢铁灵域
Krazy Ivan (Europe),疯狂伊万
Krazy Ivan (Germany),疯狂伊万
Krazy Ivan (Japan),疯狂伊万
Kumitate Battle Kuttu Ketto (Japan),改裝车对战大赛
Kunoichi Torimonochou (Japan),女忍捕物贴
Kuro no Danshou - The Literary Fragment (Japan) (2M),黑之断章 - 记忆碎片
Kuro no Danshou - The Literary Fragment (Japan) (3M),黑之断章 - 记忆碎片
Kurubushi Kyoudai Gekijou Dai-ikkan - Mahjong-hen (Japan) (2M),踝兄弟剧场1 - 麻将篇
Kururin Pa! (Japan),雪人方块
Kuusou Kagaku Sekai Gulliver Boy (Japan) (Disc 1),空想科学世界
Kuusou Kagaku Sekai Gulliver Boy (Japan) (Disc 2),空想科学世界
Kyuukyoku Tiger II Plus (Japan),究极虎2加强版
Kyuutenkai (Japan),球转界
Langrisser - Dramatic Edition (Japan) (1M),梦幻模拟战 - 戏剧版
Langrisser - Dramatic Edition (Japan) (2M),梦幻模拟战 - 戏剧版
Langrisser III (Japan) (1M),梦幻模拟战3
Langrisser III (Japan) (3M),梦幻模拟战3
Langrisser III (Japan) (Rev A) (5M),梦幻模拟战3
Langrisser III (Japan) (Rev A) (7M),梦幻模拟战3
"Langrisser IV (Japan) (1M, 3M)",梦幻模拟战4
Langrisser V - The End of Legend (Japan) (1M),梦幻模拟战V - 传说的终结
Langrisser V - The End of Legend (Japan) (3M),梦幻模拟战V - 传说的终结
Last Bronx (Europe),东京番外地
Last Bronx (Japan) (Disc 1) (Arcade Disc),东京番外地
Last Bronx (Japan) (Disc 2) (Special Disc),东京番外地
Last Bronx (USA),东京番外地
Last Gladiators - Digital Pinball (USA) (3S),最后的角斗士 - 数码弹珠台
Last Gladiators - Digital Pinball (USA) (4S),最后的角斗士 - 数码弹珠台
Layer Section (Japan) (3M),雷亚战机
Layer Section (Japan) (6M),雷亚战机
Layer Section (Japan) (Rev A) (11M),雷亚战机
Layer Section II (Japan),雷亚战机2
"Legend of Heroes I & II, The - Eiyuu Densetsu (Japan)",英雄传说1+2
Legend of K-1 - Grand Prix '96 (Japan),K1竞技场战士'96
Legend of K-1 - The Best Collection (Japan),K1传说 - 最佳精选集
"Legend of Oasis, The (USA)",绿洲传说
LifeScape - Seimei 40 Okunen Haruka na Tabi (Japan) (Disc 1) (Aquasphere) (4M),生命之旅 - 四十亿年之旅
LifeScape - Seimei 40 Okunen Haruka na Tabi (Japan) (Disc 2) (Landsphere) (3M),生命之旅 - 四十亿年之旅
Linda^3 Kanzenban (Japan),琳达3 - 完全版
Linkle Liver Story (Japan),智慧河的故事
"Loaded (Europe) (En,Fr,De)",装载
"Loaded (Europe) (En,Fr,De) (Alt)",装载
"Loaded (USA) (En,Fr)",装载
Lode Runner - The Legend Returns (Japan),探宝奇兵 - 传说归来
Lode Runner Extra (Japan),挖金块
Logic Puzzle Rainbow Town (Japan),彩虹镇的逻辑难题
"Lost Vikings 2 - Norse by Norsewest (Europe) (En,Fr,De)",失落的维京人
"Lost World, The - Jurassic Park (Europe)",侏罗纪公圆 - 失落的世界
"Lost World, The - Jurassic Park (Japan)",侏罗纪公圆 - 失落的世界
"Lost World, The - Jurassic Park (USA)",侏罗纪公圆 - 失落的世界
Lovely Pop 2 in 1 - Jan Jan Koi Shimasho (Japan),恋爱麻雀可爱的流行二合一
Lunacy (USA) (Disc 1),月花雾幻谭
Lunacy (USA) (Disc 2),月花雾幻谭
Lunar - Silver Star Story (Japan),露娜 - 银河之星
Lunar - Silver Star Story (Japan) (Rev A),露娜 - 银河之星
Lunar - Silver Star Story Complete (Japan),露娜 - 银河之星 - COMPLETE
Lunar 2 - Eternal Blue (Japan) (Disc 1),露娜2 - 永恒之蓝
Lunar 2 - Eternal Blue (Japan) (Disc 2),露娜2 - 永恒之蓝
Lupin Sansei - Pyramid no Kenja (Japan),鲁邦三世 - 金字塔的贤者
Lupin the 3rd Chronicles (Japan) (Disc 1),鲁邦三世 - 编年史
Lupin the 3rd Chronicles (Japan) (Disc 2),鲁邦三世 - 编年史
Maboroshi no Black Bass (Japan),幻想黑巴斯钓鱼
Machine Head (USA),机器头
Madden NFL 97 (Europe),麦登橄榄球'97
Madden NFL 97 (USA),麦登橄榄球'97
Madden NFL 98 (Europe),麦登橄榄球'98
Madden NFL 98 (USA),麦登橄榄球'98
Madou Monogatari (Japan),魔导物语
"Magic Carpet (Europe) (En,Fr,De,Es,Sv)",魔毯
Magic Carpet (Japan),魔毯
Magic Carpet (USA),魔毯
Magic Knight Rayearth (Japan) (4M),魔法骑士雷亚斯
Magic Knight Rayearth (Japan) (Genteiban) (1M),魔法骑士雷亚斯
"Magic Knight Rayearth (Japan) (Genteiban) (2M, 3M)",魔法骑士雷亚斯
Magic Knight Rayearth (USA),魔法骑士雷亚斯
Magical Drop (Japan),魔法气泡
Magical Drop 2 (Japan),魔法彩球2
Magical Drop III - Toretate Zoukan-gou! (Japan) (2M),魔法气泡3
Magical Hoppers (Japan),魔法草蜢
Magical Night Dreams - Cotton 2 (Japan),棉花小魔女2
Magical Night Dreams - Cotton Boomerang (Japan),棉花小魔女
Mahjong Doukyuusei Special (Japan),同级生麻雀特别版
Mahjong Doukyuusei Special (Japan) (Disc 1) (Shokai Genteiban),同级生麻雀特别版
Mahjong Gakuensai (Japan),麻雀学园祭
Mahjong Gakuensai (Japan) (Disc 1) (Shokai Genteiban),麻雀学园祭
Mahjong Gakuensai DX - Zenjitsu ni Matsuwaru Funsenki (Japan),麻雀学园祭DX - 前一天的奋斗记
Mahjong Ganryuujima (Japan) (4M),麻将 - 岩流岛
Mahjong Gokuu Tenjiku (Japan),麻雀悟空天竺
Mahjong Hyper Reaction R (Japan),美女麻雀R
Mahjong Kaigan Monogatari - Mahjong-kyou Jidai Sexy Idol-hen (Japan) (2M),麻将狂物语 - 麻雀狂时代 - 性感偶像篇
Mahjong Taikai II Special (Japan) (2M),麻雀大会2特别版
Mahjong Taikai II Special (Japan) (Rev A) (10M),麻雀大会2特别版
Mahjong Tenshi - Angel Lips (Japan),麻将天使 - 天使之唇
Mahjong Yon Shimai - Wakakusa Monogatari (Japan),若草物语麻雀四姊妹
Mahjong-kyou Jidai Cebu Island '96 (Japan) (Disc 1),麻雀狂时代 - 麻雀狂时代海滩96
Mahjong-kyou Jidai Cebu Island '96 (Japan) (Disc 2) (Omake Disk),麻雀狂时代 - 麻雀狂时代海滩96
Mahjong-kyou Jidai Cogal Houkago-hen (Japan),麻雀狂时代 - 放学后篇
Mahou Gakuen Lunar! (Japan) (1M),魔法学园 - 露娜
Mahou Gakuen Lunar! (Japan) (2M),魔法学园 - 露娜
Mahou Shoujo Pretty Samy - Heart no Kimochi (Japan),魔法女雀士 - 心的悸动
Mahou Shoujo Pretty Samy - Osorubeshi Shintai Sokutei! Kakubakuhatsu 5-Byou-mae!! (Japan),魔法女雀士 - 可怕的体检
Mahou no Janshi - Poe Poe Poemy (Japan) (2M),魔法女雀士
Mahoutsukai ni Naru Houhou (Japan),成为魔法使的方法
Mainichi Kawaru Quiz Bangumi - Quiz 365 (Japan),每日问答365
"Manoir des Ames Perdues, Le (France)",梦见馆物语
"Mansion de las Almas Ocultas, La (Spain)",梦见馆物语
"Mansion of Hidden Souls, The (Europe) (1S)",梦见馆物语
"Mansion of Hidden Souls, The (Europe) (4S)",梦见馆物语
"Mansion of Hidden Souls, The (USA)",梦见馆物语
Manx TT SuperBike (Europe),麦斯超级机车赛TT
Manx TT SuperBike (Japan),麦斯超级机车赛TT
Manx TT SuperBike (USA),麦斯超级机车赛TT
Maria - Kimi-tachi ga Umareta Wake (Japan) (Disc 1),玛丽亚 - 你们出生的理由
Maria - Kimi-tachi ga Umareta Wake (Japan) (Disc 2),玛丽亚 - 你们出生的理由
Marica - Shinjitsu no Sekai (Japan),玛丽卡 - 真实的世界
Marie no Atelier Ver. 1.3 - Salburg no Renkinjutsushi (Japan),塞班的炼金术士 - 玛莉工作室
Mario Mushano no Chou Shougi Juku - Mario Mushano's Hyper Shogi School (Japan),武者野的超将棋学校
Marvel Super Heroes (Europe),美国超人
Marvel Super Heroes (Japan),美国超人
Marvel Super Heroes (USA),美国超人
Marvel Super Heroes vs. Street Fighter (Japan),超级漫画英雄VS街头霸王
"Mass Destruction (Europe) (En,Fr,De,Es)",大规模破坏
Mass Destruction (USA),大规模破坏
Mass Destruction - Otousan ni mo Dekiru Soft (Japan),大规模破坏 - 简单软件
Master of Monsters - Neo Generations (Japan),怪兽之主 - 新生代
Masters - Harukanaru Augusta 3 (Japan) (2M),高尔夫大师3
Matsukata Hiroki no World Fishing (Japan),松方弘树的超级钓鱼
Maximum Force (Europe),铁面悍将
Maximum Force (USA),铁面悍将
MechWarrior 2 (Japan),机甲战士2
MechWarrior 2 - 31st Century Combat - Arcade Combat Edition (Europe),机甲战士2 - 31世纪之战
MechWarrior 2 - 31st Century Combat - Arcade Combat Edition (USA),机甲战士2 - 31世纪之战
Mechanical Violator Hakaider - Last Judgement (Japan),人造人间
Mega Man 8 (USA),洛克人8
Mega Man X3 (Europe),洛克人X3
Mega Man X4 (USA),洛克人X4
MeltyLancer - Ginga Shoujo Keisatsu 2086 (Japan),银河少女警察2086
MeltyLancer - Re-inforce (Japan) (Disc 1),银河少女警察 - RE - INFORCE
MeltyLancer - Re-inforce (Japan) (Disc 2),银河少女警察 - RE - INFORCE
MeltyLancer - Re-inforce (Japan) (Disc 3),银河少女警察 - RE - INFORCE
Message Navi (Japan),讯息导航
Message Navi Vol. 2 (Japan),讯息导航 - 卷2
Metal Black (Japan) (1M),黑色合金战机
Metal Black (Japan) (3M),黑色合金战机
Metal Fighter Miku (Japan),美少女战斗队
Metal Slug - Super Vehicle-001 (Japan),合金弹头 - 超级战车001
Metal Slug - Super Vehicle-001 (Japan) (Rev A),合金弹头 - 超级战车001
Mezase Idol Star!! Natsuiro Memories - Mahjong-hen (Japan) (2M),脱衣偶像明星麻将
Mighty Hits (Europe),能力大挑战
Mighty Hits (Japan),能力大挑战
Minakata Hakudou Toujou (Japan) (Disc 1) (2M),南方珀堂登场
Minakata Hakudou Toujou (Japan) (Disc 2),南方珀堂登场
Minami no Shima ni Buta ga Ita - Lucas no Daibouken (Japan) (2M),南岛大冒险
Minnesota Fats - Pool Legend (USA) (R),明州肥仔 - 桌球传奇
Minton Keibu no Sousa File - Doukeshi Satsujin Jiken (Japan),道化师
Mizubaku Daibouken (Japan),水獭大冒险
Mizuki Shigeru no Youkai Zukan Soushuuhen (Japan),水木茂的妖怪图鉴总集编
Mobile Suit Gundam (Japan),机动战士高达
Mobile Suit Gundam (Japan) (Rev A),机动战士高达
Mobile Suit Gundam Side Story - Optional Guide (Japan),机动战士高达外传 - 选配说明
Mobile Suit Gundam Side Story I - Senritsu no Blue (Japan),机动战士高达外传1 - 战栗之蓝
Mobile Suit Gundam Side Story II - Ao o Uketsugu Mono (Japan),机动战士高达外传2 - 苍之继承者
Mobile Suit Gundam Side Story III - Sabakareshi Mono (Japan),机动战士高达外传3 - 受审者
Moero!! Pro Yakyuu '95 - Double Header (Japan),燃烧吧职业棒球'95 - 双头球
Momotarou Douchuuki (Japan) (1M),桃太郎道中记
Momotarou Douchuuki (Japan) (2M),桃太郎道中记
Momotarou Douchuuki (Japan) (Rev A) (11M),桃太郎道中记
Monster Slider (Japan),妖精魔法宝石
Moon Cradle (Japan) (Disc 1),月面摇篮
Moon Cradle (Japan) (Disc 2),月面摇篮
Moon Cradle (Japan) (Disc 3),月面摇篮
Mortal Kombat II (Europe),真人快打2
Mortal Kombat II (USA),真人快打2
Mortal Kombat II Kanzenban (Japan) (4S),真人快打2 - 完全版
Mortal Kombat Trilogy (Europe),真人快打三部曲
Mortal Kombat Trilogy (USA),真人快打三部曲
Motteke Tamago with Ganbare! Kamonohashi (Japan),蛋蛋乐
Mouja (Japan),金钱猫
Mouri Motonari - Chikai no Sanshi (Japan),毛利元就 - 三箭之誓
Mr. Bones (Europe) (Disc 1),骨头先生
Mr. Bones (Europe) (Disc 2),骨头先生
Mr. Bones (Japan) (Disc 1),骨头先生
Mr. Bones (Japan) (Disc 2),骨头先生
Mr. Bones (USA) (Disc 1),骨头先生
Mr. Bones (USA) (Disc 2),骨头先生
Mujintou Monogatari R - Futari no Love Love Island (Japan),无人岛物语R
Murakoshi Seikai no Bakuchou Nihon Rettou (Japan),村越正海之爆钓日本列岛
My Best Friends - St. Andrew Jogakuin-hen (Japan),我最好的朋友 - 女学院拼图篇
My Dream - On Air ga Matenakute (Japan) (Disc 1),我的梦想 - 等不及的直播
My Dream - On Air ga Matenakute (Japan) (Disc 2),我的梦想 - 等不及的直播
"Myst (Europe) (En,Fr,De,Es)",神秘岛
Myst (Japan),神秘岛
Myst (Japan) (Rev A),神秘岛
Myst (Korea),神秘岛
Myst (Taiwan),神秘岛
Myst (USA),神秘岛
Mystaria - The Realms of Lore (Europe),王国传说
Mystaria - The Realms of Lore (USA),王国传说
Mystery Mansion - Das Haus der verlorenen Seelen (Germany),神秘大厦 - 维洛伦西伦大厦
NASCAR 98 (Europe),纳斯卡赛车98
NASCAR 98 (France),纳斯卡赛车98
NASCAR 98 (Germany),纳斯卡赛车98
NASCAR 98 (USA),纳斯卡赛车98
NBA Action (Europe),美国职业篮球联赛ACTION
NBA Action (USA),美国职业篮球联赛ACTION
NBA Action 98 (Europe),美国职业篮球联赛ACTION'98
NBA Action 98 (USA),美国职业篮球联赛ACTION'98
NBA Jam - Tournament Edition (Europe),劲爆NBA - 联赛版
NBA Jam - Tournament Edition (Japan) (4S),劲爆NBA - 联赛版
NBA Jam - Tournament Edition (USA) (3S),劲爆NBA - 联赛版
NBA Jam Extreme (Europe),劲爆NBA - 极限
NBA Jam Extreme (Japan),劲爆NBA - 极限
NBA Jam Extreme (USA),劲爆NBA - 极限
NBA Live 97 (Europe),劲爆美国职篮97
NBA Live 97 (USA),劲爆美国职篮97
NBA Live 98 (Europe),劲爆美国职篮98
NBA Live 98 (USA),劲爆美国职篮98
NFL '97 (USA),美国橄榄球联盟'97
NFL '97 (USA) (Rev A),美国橄榄球联盟'97
NFL Quarterback Club '96 (Japan),美国橄榄球联盟 - 四分卫俱乐部'96
NFL Quarterback Club '96 (USA) (5S),美国橄榄球联盟 - 四分卫俱乐部'96
NFL Quarterback Club '97 (Japan),美国橄榄球联盟 - 四分卫俱乐部'97
NFL Quarterback Club 96 (Europe),NFL四分卫俱乐部96
NFL Quarterback Club 97 (Europe),四分位橄榄球俱乐部97
NFL Quarterback Club 97 (USA),四分位橄榄球俱乐部97
NHL 97 (Europe),NHL冰球97
NHL 97 (Germany),NHL冰球97
NHL 97 (Japan),NHL冰球97
NHL 97 (USA),NHL冰球97
NHL 98 (Europe),NHL冰球98
NHL 98 (USA),NHL冰球98
NHL All-Star Hockey (Europe),全国冰球联赛 - 全明星赛
NHL All-Star Hockey (USA) (1S),全国冰球联赛 - 全明星赛
NHL All-Star Hockey (USA) (2S),全国冰球联赛 - 全明星赛
NHL All-Star Hockey 98 (Europe),全国冰球联赛 - 全明星赛'98
NHL All-Star Hockey 98 (USA),全国冰球联赛 - 全明星赛'98
NHL Powerplay '96 (Europe),全国冰球联赛 - 强力赛'96
NHL Powerplay '96 (Japan),全国冰球联赛 - 强力赛'96
NHL Powerplay '96 (USA),全国冰球联赛 - 强力赛'96
NOeL 3 - Not Digital (Japan) (Disc 1),恋爱热线 - 并非数码
NOeL 3 - Not Digital (Japan) (Disc 2),恋爱热线 - 并非数码
NOeL 3 - Not Digital (Japan) (Disc 3),恋爱热线 - 并非数码
Nanatsu Kaze no Shima Monogatari (Japan) (Disc 1),七风岛物语
Nanatsu Kaze no Shima Monogatari (Japan) (Disc 2) (Premium CD),七风岛物语
Nanatsu no Hikan (Japan) (Disc 1) (1M),七之秘馆
Nanatsu no Hikan (Japan) (Disc 1) (2M),七之秘馆
Nanatsu no Hikan (Japan) (Disc 2) (1M),七之秘馆
Nanatsu no Hikan (Japan) (Disc 2) (2M),七之秘馆
"Nanatsu no Hikan (Japan) (Disc 3) (1M, 2M)",七之秘馆
Nekketsu Oyako (Japan),热血亲子
Neon Genesis - Evangelion - Koutetsu no Girlfriend (Japan) (Disc 1),新世纪福音战士 - 钢铁的女友
Neon Genesis - Evangelion - Koutetsu no Girlfriend (Japan) (Disc 2),新世纪福音战士 - 钢铁的女友
Neon Genesis Evangelion - Digital Card Library (Japan),新世纪福音战士 - 数码卡片图书馆
Next King - Koi no Sennen Oukoku (Japan),恋之千年王国
NiGHTS into Dreams... (Europe),梦精灵
NiGHTS into Dreams... (Japan),梦精灵
NiGHTS into Dreams... (Korea),梦精灵
NiGHTS into Dreams... (USA) (with 3D Control Pad) (RE),梦精灵
"NiGHTS into Dreams... (USA, Brazil)",梦精灵
Night Striker S (Japan),午夜风暴S
Night Warriors - Darkstalkers' Revenge (Europe),恶魔战士 - 恶魔的复仇
Night Warriors - Darkstalkers' Revenge (USA),恶魔战士 - 恶魔的复仇
Nightruth - Explanation of the Paranormal - Futatsu dake no Shinjitsu (Japan),夜之真实 - 超自然体验 - 两个真相
Nightruth - Explanation of the Paranormal - Maria (Japan),夜之真实 - 超自然体验 - 玛丽亚
Nightruth - Explanation of the Paranormal - Nightruth Voice Selection - Radio Drama-hen (Japan) (2M),夜之真实 - 超自然体验 - 夜之真实声音精选 - 广播剧篇
Nightruth - Explanation of the Paranormal 01 - Yami no Tobira (Japan) (2M),夜之真实 - 超自然体验01 - 黑暗之门
Nihon Daihyou Team no Kantoku ni Naruu! Sekaihatsu Soccer RPG - Become the Coach for the National Team! (Japan),日本代表队领队·世界第一个足球RPG
Nihon Pro Mahjong Renmei Kounin - Doujou Yaburi (Japan),日本专业麻雀連盟公認 - 道场挑战
Nile-gawa no Yoake (Japan) (Rev A),尼罗河的黎明
Ninja Jajamaru-kun - Onigiri Ninpouchou Gold (Japan),忍者茶茶丸 - 鬼斬忍法帖・金
Ninkuu - Tsuyokina Yatsura no Daigekitotsu! (Japan),忍空 - 勇气大碰撞
Ninpen Manmaru (Japan),忍者笔满丸
Nissan Presents - Over Drivin' GT-R (Japan),日产极品赛车'GT - R
Nissan Presents - Over Drivin' GT-R (Japan) (Rev A),日产极品赛车'GT - R
No-appointment Gals Olympos (Japan),超次元奇遇
Nobunaga no Yabou - Returns (Japan),信长野望-回归版
Nobunaga no Yabou - Sengoku Gunyuuden (Japan),信长野望-战国群雄传
Nobunaga no Yabou - Shouseiroku (Japan) (2M),信长野望 - 将星录
Nobunaga no Yabou Tenshouki (Japan),信长野望 - 天翔记
Nobunaga no Yabou Tenshouki with Power-Up Kit (Japan),信长野望 - 天翔记加强版
Nonomura Byouin no Hitobito (Japan),野野村病院的人们
Noon (Japan) (Rev A),正午
Norse by Norsewest - The Return of the Lost Vikings (USA),失落的维京人2
Ochigee Designer Tsukutte Pon! (Japan),做一个失败的游戏设计师吧
Off-World Interceptor Extreme (Europe),火爆大脚车
Off-World Interceptor Extreme (Japan),火爆大脚车
Off-World Interceptor Extreme (USA),火爆大脚车
Oh-chan no Oekaki Logic (Japan),逻辑绘图方块
Ojousama Express (Japan) (Disc 1),公主特急
Ojousama Express (Japan) (Disc 2),公主特急
Ojousama o Nerae!! (Japan),瞄准大小姐
Ojousama o Nerae!! (Japan) (Rev A),瞄准大小姐
"Olympic Soccer (Europe) (En,Fr,De,Es,It)",奥运足球
Olympic Soccer (Germany),奥运足球
Olympic Soccer (Japan),奥运足球
Olympic Soccer (USA),奥运足球
Omakase! Savers (Japan),退魔业
Ooedo Renaissance (Japan),大江户复兴
"Oracle no Houseki - Jewels of the Oracle (Japan) (En,Ja,Fr,De)",神谕的宝石 - 先知的宝石
Ousama Game (Japan) (Disc 1) (Ichigo Disc),王国游戏
Ousama Game (Japan) (Disc 2) (Momo Disc),王国游戏
P.T.O. - Pacific Theater of Operations II (USA),P.T.O. - 激战太平洋2
PD Ultraman Link (Japan),PD奥特曼连线
PGA Tour 97 (Europe),PGA巡回赛97
PGA Tour 97 (Japan),PGA巡回赛97
PGA Tour 97 (USA),PGA巡回赛97
Pachi-Slot Kanzen Kouryaku Uni-Colle '97 - Universal Collection (Japan),柏青哥完全攻略合集97
Pachinko Hall - Shinsou Daikaiten (Japan),柏青哥新装大开店
Pandemonium! (Europe),混乱大冒险
Pandemonium! (USA),混乱大冒险
Paneltia Story - Koeln no Daibouken (Japan),帕尼尔塔大冒险 - 小铁的大冒险
Panic-chan (Japan) (Rev A) (10M),潘神迷宫
Panic-chan (Japan) (Rev A) (11M),潘神迷宫
"Panzer Dragoon (Europe) (En,Fr,De,Es,It)",铁甲飞龙
Panzer Dragoon (Japan) (2M),铁甲飞龙
"Panzer Dragoon (Japan) (3A, 3B)",铁甲飞龙
"Panzer Dragoon (Japan) (4A, 4B)",铁甲飞龙
Panzer Dragoon (Japan) (5A),铁甲飞龙
Panzer Dragoon (USA) (1S),铁甲飞龙
Panzer Dragoon (USA) (5S),铁甲飞龙
Panzer Dragoon II Zwei (Europe),铁甲飞龙2
Panzer Dragoon II Zwei (Japan),铁甲飞龙2
Panzer Dragoon II Zwei (USA),铁甲飞龙2
Panzer Dragoon Saga (Europe) (Disc 1),铁甲飞龙 - 传奇
Panzer Dragoon Saga (Europe) (Disc 2),铁甲飞龙 - 传奇
Panzer Dragoon Saga (Europe) (Disc 3),铁甲飞龙 - 传奇
Panzer Dragoon Saga (Europe) (Disc 4),铁甲飞龙 - 传奇
Panzer Dragoon Saga (USA) (Disc 1),铁甲飞龙 - 传奇
Panzer Dragoon Saga (USA) (Disc 2),铁甲飞龙 - 传奇
Panzer Dragoon Saga (USA) (Disc 3),铁甲飞龙 - 传奇
Panzer Dragoon Saga (USA) (Disc 4),铁甲飞龙 - 传奇
Pappara Paoon (Japan) (2M),啪啪方块
Parodius (Europe),沙罗曼蛇
Pastel Muses (Japan),蜡笔女神
Pebble Beach Golf Links (Europe) (3S),圆石滩高尔夫球场
Pebble Beach Golf Links (Europe) (4S),圆石滩高尔夫球场
Pebble Beach Golf Links (USA),圆石滩高尔夫球场
Pebble Beach Golf Links - Stadler ni Chousen (Japan),圆石滩高尔夫球场 - STADLER的挑战
PhantasM (Japan) (Disc 1),幽灵
PhantasM (Japan) (Disc 2),幽灵
PhantasM (Japan) (Disc 3) (2M),幽灵
PhantasM (Japan) (Disc 4),幽灵
PhantasM (Japan) (Disc 5),幽灵
PhantasM (Japan) (Disc 6) (4M),幽灵
PhantasM (Japan) (Disc 6) (5M),幽灵
PhantasM (Japan) (Disc 7),幽灵
PhantasM (Japan) (Disc 8),幽灵
Photo Genic (Japan),照片回忆
"Photograph of a Crime, The - Hankou Shashin - Shibarareta Shoujo-tachi no Mita Mono wa (Japan)",犯行写真 - 想看被捆绑的少女吗
Pia Carrot e Youkoso!! 2 (Japan) (Disc 1) (Game Disc) (2M),快餐店之恋2
Pia Carrot e Youkoso!! 2 (Japan) (Disc 1) (Game Disc) (3M),快餐店之恋2
Pia Carrot e Youkoso!! 2 (Japan) (Disc 1) (Game Disc) (4M),快餐店之恋2
Pia Carrot e Youkoso!! We've Been Waiting for You (Japan),快餐店之恋 - 我们一直在等着你
Pinball Graffiti (Europe),涂鸦弹珠台
Pinball Graffiti (Japan),涂鸦弹珠台
Planet Joker (Japan),星球扑克
Pocket Fighter (Japan),口袋战士
Policenauts (Japan) (Disc 1),宇宙骑警
Policenauts (Japan) (Disc 2),宇宙骑警
Policenauts (Japan) (Disc 3),宇宙骑警
Popoitto Hebereke (Japan),魔法气泡特别版
Powerslave (USA),力之奴仆
PriKura Daisakusen (Princess Kurara) (Japan),魔法公主大作战
"Primal Rage (Europe) (En,Fr,De,Es,It,Pt)",恐龙佣兵
Primal Rage (Japan),恐龙佣兵
Primal Rage (USA),恐龙佣兵
Princess Crown (Japan) (1M),公主的皇冠
Princess Crown (Japan) (Rev A) (11M),公主的皇冠
Princess Crown (Japan) (Rev A) (13M),公主的皇冠
Princess Maker - Yumemiru Yousei (Japan),美少女梦工厂 - 梦幻妖精
Princess Maker 2 (Japan) (1M),美少女梦工厂2
Princess Maker 2 (Japan) (4M),美少女梦工厂2
Princess Quest (Japan),公主冒险
Princess Quest (Japan) (Rev A) (11M),公主冒险
Prisoner of Ice - Jashin Kourin (Japan),南极冰人
Pro Mahjong Kiwame-S (Japan),职业麻将 - 极 - S
Pro Mahjong Kiwame-S (Japan) (Rev A),职业麻将 - 极 - S
Pro Shinan Mahjong - Tsuwamono (Japan),职业麻将兵
Pro Yakyuu Greatest Nine '97 (Japan) (Rev A),最强九人棒球'97
Pro Yakyuu Greatest Nine '97 (Japan) (Rev B),最强九人棒球'97
Pro Yakyuu Greatest Nine '97 - Make Miracle (Japan),最强九人棒球'97 - 创造奇迹
Pro Yakyuu Greatest Nine '98 (Japan) (Rev A),最强九人棒球'98
Pro Yakyuu Greatest Nine '98 (Japan) (Rev B),最强九人棒球'98
Pro Yakyuu Greatest Nine '98 - Summer Action (Japan),最强九人棒球'98 - 夏季运动
Pro Yakyuu Team mo Tsukurou! (Japan),创造职业棒球队
Pro Yakyuu Team mo Tsukurou! (Japan) (Rev B),创造职业棒球队
Pro-Pinball (USA),专业弹珠台
Pro-Pinball - The Web (Europe),专业弹珠台 - 网络
"Psychotron, The (Japan)",精神武器
Pup-Breeder (Japan),布里德
"Puyo Puyo Sun (Japan) (1M, 3M)",泡泡通太阳
Puyo Puyo Sun (Japan) (2M),泡泡通太阳
Puyo Puyo Sun (Japan) (Rev A) (10M),泡泡通太阳
Puyo Puyo Sun for SegaNet (Japan),泡泡通太阳 - 世嘉网络版
Puyo Puyo Tsuu (Japan) (1M),魔法气泡
Puyo Puyo Tsuu (Japan) (3M),魔法气泡
"Puzzle Bobble 2X (Japan) (2M1, 2MB1)",泡泡龙2X
Puzzle Bobble 2X (Japan) (2M2),泡泡龙2X
Puzzle Bobble 3 (Japan) (1M),泡泡通2
Puzzle Bobble 3 (Japan) (2M),泡泡通2
Puzzle Bobble 3 for SegaNet (Japan),泡泡通2 - 世嘉网络版
Pyon Pyon Kyaruru no Mahjong Biyori (Japan) (2M),活蹦乱跳的麻将日和
Quake (Europe),雷神之锤
Quake (USA),雷神之锤
Quantum Gate I - Akumu no Joshou (Japan),昆腾之门 - 恶梦的序章
Quarterback Attack (USA),四分卫 - 进攻
Quiz Nanairo Dreams - Nijiirochou no Kiseki (Japan),七彩梦 - 虹色町的奇迹
Quiz Nanairo Dreams - Nijiirochou no Kiseki (Japan) (Rev A),七彩梦 - 虹色町的奇迹
QuoVadis (Japan),惑星强袭
QuoVadis 2 - Wakusei Kyoushuu Ovan Rei (Japan) (Disc 1),惑星强袭2
QuoVadis 2 - Wakusei Kyoushuu Ovan Rei (Japan) (Disc 2),惑星强袭2
RMJ - The Mystery Hospital (Japan),神秘病院
Rabbit (Japan),罗媚斗
Race Drivin' (Japan) (2M),赛车驾驶
Radiant Silvergun (Japan),闪亮银枪
Rampage - World Tour (Europe),狂暴大破坏 - 世界之旅
Rampage - World Tour (USA),狂暴大破坏 - 世界之旅
Rampo (Japan) (Disc 1),乱步谜案
Rampo (Japan) (Disc 2),乱步谜案
Rapyulus Panic (Japan),美少女综艺合集
"Rayman (Europe) (En,Fr,De) (1S)",雷曼
"Rayman (Europe) (En,Fr,De) (6S)",雷曼
Rayman (Japan),雷曼
Rayman (USA) (R2),雷曼
Real Bout Garou Densetsu (Japan) (2M),真说 - 饿狼传说
Real Bout Garou Densetsu Special (Japan),真说 - 饿狼传说 - 特别版
Real Bout Garou Densetsu Special (Japan) (Rev A),真说 - 饿狼传说 - 特别版
Real Mahjong Adventure Umi e - Summer Waltz (Japan),真实麻将冒险 - 夏日华尔茨
Real Mahjong Adventure Umi e - Summer Waltz (Japan) (P's Club Genteiban),真实麻将冒险 - 夏日华尔茨
Refrain Love - Anata ni Aitai (Japan) (Disc 1),无尽的爱
Refrain Love - Anata ni Aitai (Japan) (Disc 2),无尽的爱
Resident Evil (Europe),生化危机
Resident Evil (USA),生化危机
Return to Zork (Japan) (1M),回归大魔域
Return to Zork (Japan) (Rev A) (10M),回归大魔域
Revolution X - Music Is the Weapon (Europe),革命X - 音乐就是武器
Revolution X - Music Is the Weapon (Germany) (5S),革命X - 音乐就是武器
Revolution X - Music Is the Weapon (Japan) (10S),革命X - 音乐就是武器
Revolution X - Music Is the Weapon (USA),革命X - 音乐就是武器
Riglordsaga (Japan) (Made in Japan) (1M),王国传说
Riglordsaga (Japan) (Made in Japan) (4M),王国传说
Riglordsaga (Japan) (Made in U.S.A.) (1S),王国传说
Riglordsaga (Japan) (Made in U.S.A.) (4S),王国传说
Riglordsaga 2 (Japan) (1M),王国传说2
Riglordsaga 2 (Japan) (2M),王国传说2
"Rise 2 - Resurrection (Europe) (En,Fr,De,Es,It)",上升2 - 复活
"Rise 2 - Resurrection (Japan) (En,Fr,De,Es,It)",上升2 - 复活
"Rise 2 - Resurrection (USA) (En,Fr,De,Es,It)",上升2 - 复活
Riven - A Sequencia de Myst (Brazil) (Disc 1),神秘岛 - 星空断层
Riven - A Sequencia de Myst (Brazil) (Disc 2),神秘岛 - 星空断层
Riven - A Sequencia de Myst (Brazil) (Disc 3),神秘岛 - 星空断层
Riven - A Sequencia de Myst (Brazil) (Disc 4),神秘岛 - 星空断层
Riven - The Sequel to Myst (Europe) (Disc 1),神秘岛2
Riven - The Sequel to Myst (Europe) (Disc 2),神秘岛2
Riven - The Sequel to Myst (Europe) (Disc 3),神秘岛2
Riven - The Sequel to Myst (Europe) (Disc 4),神秘岛2
Riven - The Sequel to Myst (Japan) (Disc 1),神秘岛2
Riven - The Sequel to Myst (Japan) (Disc 2),神秘岛2
Riven - The Sequel to Myst (Japan) (Disc 3),神秘岛2
Riven - The Sequel to Myst (Japan) (Disc 4),神秘岛2
RoX - 6 = Six (Japan),RoX6 - 骰子方块
"Road & Track Presents - The Need for Speed (Europe) (En,De)",极品飞车1
Road & Track Presents - The Need for Speed (USA),极品飞车1
Road Rash (Europe),暴力摩托
Road Rash (Japan),暴力摩托
Road Rash (USA),暴力摩托
Robo Pit (Europe),机器人格斗场
Robo Pit (Japan),机器人格斗场
Robo Pit (USA),机器人格斗场
Robotica (USA),死亡逻辑
Robotica - Cybernation Revolt (Europe),死亡逻辑 - 机器人起义
Rockman 8 - Metal Heroes (Japan),洛克人8 - 钢铁英雄们
Rockman X3 (Japan) (2M),洛克人X3
Rockman X4 (Japan) (1M),洛克人X4
Rockman X4 (Japan) (3M),洛克人X4
Romance of the Three Kingdoms IV - Wall of Fire (USA),三国志4
Ronde (Japan) (Disc 1),轮舞曲
Ronde (Japan) (Disc 2),轮舞曲
Roommate - Inoue Ryouko (Japan),室友 - 井上凉子
Roommate - Inoue Ryouko (Japan) (Rev A),室友 - 井上凉子
Roommate - Ryouko in Summer Vacation (Japan) (2M),室友 - 凉子的暑假
Roommate 3 - Ryouko Kaze no Kagayaku Asa ni (Japan),井上凉子3 - 风的早晨
Roommate 3 - Ryouko Kaze no Kagayaku Asa ni (Japan) (Rev A),井上凉子3 - 风的早晨
Roommate W - Futari (Japan) (Disc 1),室友W - 两个人
Roommate W - Futari (Japan) (Disc 2),室友W - 两个人
Ruriiro no Yuki (Japan),琉璃色的雪
Ryouko no Oshaberi Room (Japan),井上凉子联动资料集
Ryuuteki Gosennen - Dragons of China (Japan),龙的五千年
SD Gundam - GCentury S (Japan),SD高达 - G世纪S
Sakamoto Ryouma - Ishin Kaikoku (Japan),坂本龙马 - 维新开国
Sakura Taisen (Japan) (Disc 1) (6M),樱大战
"Sakura Taisen (Japan) (Disc 1) (7M, 9M, 10M)",樱大战
"Sakura Taisen (Japan) (Disc 1) (8M, 13M)",樱大战
Sakura Taisen (Japan) (Disc 2) (6M),樱大战
Sakura Taisen (Japan) (Disc 2) (7M),樱大战
"Sakura Taisen (Japan) (Disc 2) (8M, 9M)",樱大战
Sakura Taisen - Hanagumi Taisen Columns (Japan) (1M),樱大战 - 花组对战方块
Sakura Taisen - Hanagumi Taisen Columns (Japan) (2M),樱大战 - 花组对战方块
Sakura Taisen - Teigeki Graph - Teigeki Graph in Sakura Wars (Japan) (Disc 1),樱大战 - 帝击画报
Sakura Taisen - Teigeki Graph - Teigeki Graph in Sakura Wars (Japan) (Disc 2),樱大战 - 帝击画报
"Sakura Taisen 2 - Kimi, Shinitamou Koto Nakare (Japan) (Disc 1) (Rev A)",樱大战2 - 愿君平安
"Sakura Taisen 2 - Kimi, Shinitamou Koto Nakare (Japan) (Disc 1) (Shokai Tokutenban)",樱大战2 - 愿君平安
"Sakura Taisen 2 - Kimi, Shinitamou Koto Nakare (Japan) (Disc 1) (Shokai Tokutenban) (1M, 3M, 4M)",樱大战2 - 愿君平安
"Sakura Taisen 2 - Kimi, Shinitamou Koto Nakare (Japan) (Disc 2) (Rev A) (10M, 11M)",樱大战2 - 愿君平安
"Sakura Taisen 2 - Kimi, Shinitamou Koto Nakare (Japan) (Disc 2) (Rev A) (12M)",樱大战2 - 愿君平安
"Sakura Taisen 2 - Kimi, Shinitamou Koto Nakare (Japan) (Disc 2) (Shokai Tokutenban)",樱大战2 - 愿君平安
"Sakura Taisen 2 - Kimi, Shinitamou Koto Nakare (Japan) (Disc 2) (Shokai Tokutenban) (1M, 2M, 4M)",樱大战2 - 愿君平安
"Sakura Taisen 2 - Kimi, Shinitamou Koto Nakare (Japan) (Disc 2) (Shokai Tokutenban) (3M)",樱大战2 - 愿君平安
"Sakura Taisen 2 - Kimi, Shinitamou Koto Nakare (Japan) (Disc 3) (Rev A) (12M)",樱大战2 - 愿君平安
"Sakura Taisen 2 - Kimi, Shinitamou Koto Nakare (Japan) (Disc 3) (Rev A) (13M)",樱大战2 - 愿君平安
"Sakura Taisen 2 - Kimi, Shinitamou Koto Nakare (Japan) (Disc 3) (Shokai Tokutenban)",樱大战2 - 愿君平安
"Sakura Taisen 2 - Kimi, Shinitamou Koto Nakare (Japan) (Disc 3) (Shokai Tokutenban) (2M)",樱大战2 - 愿君平安
"Sakura Taisen 2 - Kimi, Shinitamou Koto Nakare (Japan) (Disc 3) (Shokai Tokutenban) (3M, 4M, 5M, 6M)",樱大战2 - 愿君平安
Sakura Tsuushin (Japan),樱花通信
Salamander Deluxe Pack Plus (Japan),沙罗曼蛇 - 豪华版PLUS
"Samurai Spirits - Amakusa Kourin (Japan) (En,Ja,Es,Pt)",侍魂 - 天草降临
Samurai Spirits - Zankurou Musouken (Japan),侍魂 - 斩红郎无双剑
Sangokushi Eiketsuden (Japan),三国志 - 英杰传
Sangokushi IV (Japan),三国志4
Sangokushi IV with Power-Up Kit (Japan),三国志4 - 威力加强版
Sangokushi Koumeiden (Japan),三国志 - 孔明传
Sangokushi Returns (Japan),三国志 - 回归
Sangokushi V (Japan),三国志5
Sangokushi V (Japan) (Rev A),三国志5
Sanguozhi IV (Taiwan),三国志4
Sanguozhi V (Taiwan),三国志5
Sanguozhi Yingjiezhuan (Taiwan),三国志 - 英杰传
Sankyo Fever - Jikki Simulation S (Japan),本家实战机台柏青哥S
Sankyo Fever - Jikki Simulation S Vol. 2 (Japan),本家实战机台柏青哥S - 卷2
Sankyo Fever - Jikki Simulation S Vol. 3 (Japan),本家实战机台柏青哥S - 卷3
Saturn Bomberman (Europe),土星炸弹人
Saturn Bomberman (Japan),土星炸弹人
Saturn Bomberman (Japan) (SegaNet),土星炸弹人
Saturn Bomberman (USA) (1S),土星炸弹人
Saturn Bomberman Fight!! (Japan),土星炸弹人 - 战斗
Savaki (Japan) (2M),青花鱼
Scorcher (Europe),滚石赛车
Scorcher (USA),滚石赛车
Scorcher (USA) (RE),滚石赛车
Scud - The Disposable Assassin (USA),飞毛腿
"Sea Bass Fishing (Europe) (En,Fr,De)",钓鲈
SeaBass Fishing (Japan),海巴斯钓鱼
SeaBass Fishing 2 (Japan),海巴斯钓鱼2
Sega Ages - After Burner II (Japan),世嘉时代 - 冲破火网2
Sega Ages - Columns Arcade Collection (Japan),魔法宝石合集1
Sega Ages - Fantasy Zone (Japan),世嘉时代 - 幻想地带
Sega Ages - Galaxy Force II (Japan),世嘉时代 - 银河力量2
Sega Ages - I Love Mickey Mouse - Fushigi no Oshiro Daibouken & I Love Donald Duck - Georgia Ou no Hihou (Japan),世嘉时代 - 我爱米老鼠 - 不可思议的御城大冒险&我爱唐老鸭 - 乔治的密宝
Sega Ages - Memorial Selection Vol. 1 (Japan),世嘉时代 - 经典纪念合集 - 卷1
Sega Ages - Memorial Selection Vol. 2 (Japan),世嘉时代 - 经典纪念合集 - 卷2
Sega Ages - OutRun (Japan),世嘉时代 - OUTRUN
Sega Ages - OutRun (Japan) (Rev A),世嘉时代 - OUTRUN
Sega Ages - Phantasy Star Collection (Japan),世嘉时代 - 梦幻之星合集
Sega Ages - Power Drift (Japan),力量漂移
Sega Ages - Rouka ni Ichidanto R (Japan),世嘉时代 - 廊下大百科
Sega Ages - Shukudai ga Tanto R (Japan),世嘉时代 - IQ乐园+宿题R
Sega Ages - Space Harrier (Japan),世嘉时代 - 太空哈利
Sega Ages - Space Harrier (Japan) (Rev A) (11M),世嘉时代 - 太空哈利
Sega Ages - Space Harrier (Japan) (Rev A) (13M),世嘉时代 - 太空哈利
Sega Ages Volume 1 (Europe),世嘉时代 - 卷1
Sega Ages Volume 1 (USA),世嘉时代 - 卷1
Sega International Victory Goal (Japan) (5M),世嘉 - 国际化胜利足球
Sega Rally Championship (Europe) (Made in EU),世嘉拉力
Sega Rally Championship (Europe) (Made in USA),世嘉拉力
Sega Rally Championship (Japan),世嘉拉力
Sega Rally Championship (Korea),世嘉拉力
Sega Rally Championship (USA),世嘉拉力
Sega Rally Championship Plus (Japan),世嘉拉力加强版
Sega Rally Championship Plus Netlink Edition (USA),世嘉拉力加强版 - 网络连接版
Sega Saturn de Hakken!! Tamagotchi Park (Japan),世嘉土星 - 发现TAMAGOTCHI公园
Sega Touring Car Championship (Europe),世嘉观览车大赛
Sega Touring Car Championship (Japan),世嘉观览车大赛
Sega Touring Car Championship (USA),世嘉观览车大赛
Sega Worldwide Soccer '97 (USA),世嘉 - 世界联赛足球'97
Sega Worldwide Soccer '98 (Japan),世嘉 - 世界联赛足球'98
"Sega Worldwide Soccer '98 - Club Edition (Europe) (En,Fr,Es)",世嘉 - 世界联赛足球'98 - 俱乐部版
"Sega Worldwide Soccer '98 - Club Edition (Europe) (En,Fr,Es) (Rev A)",世嘉 - 世界联赛足球'98 - 俱乐部版
"Sega Worldwide Soccer '98 - Club Edition (Europe) (En,Fr,Es) (Rev B)",世嘉 - 世界联赛足球'98 - 俱乐部版
Sega Worldwide Soccer 97 (Europe),世嘉 - 世界联赛足球'97
Sega Worldwide Soccer 97 (Europe) (Alt),世嘉 - 世界联赛足球'97
Segata Sanshirou - Shinken Yuugi (Japan),世嘉三四郎 - 真剑游戏
Seifuku Densetsu - Pretty Fighter X (Japan) (1M),制服传说 - 美少女斗士X
Seifuku Densetsu - Pretty Fighter X (Japan) (2B),制服传说 - 美少女斗士X
"Seikai Risshiden - Yoi Kuni, Yoi Seiji (Japan)",政界立志传 - 良国政治
Seireki 1999 - Pharaoh no Fukkatsu (Japan),西历1999 - 法老的复活
Sengoku Blade - Sengoku Ace Episode II (Japan) (Disc 1),战国之刃2
Sengoku Blade - Sengoku Ace Episode II (Japan) (Disc 2) (Sengoku Kawaraban - Digital Edition),战国之刃2
Senken Kigyouden (Japan),仙剑奇侠传
Senkutsu Katsuryu Taisen - Chaos Seed (Japan) (Disc 1) (Game Disc) (Rev A) (10M),仙窟活龍大戰 - 仙窟活龙大战 - 混乱种子
Senkutsu Katsuryu Taisen - Chaos Seed (Japan) (Disc 1) (Game Disc) (Rev B) (21M),仙窟活龍大戰 - 仙窟活龙大战 - 混乱种子
Senkutsu Katsuryu Taisen - Chaos Seed (Japan) (Disc 2) (Omake Disc),仙窟活龍大戰 - 仙窟活龙大战 - 混乱种子
Senryaku Shougi (Japan),战略将棋
"Sentimental Graffiti (Japan) (Disc 1) (Game Disc) (1M, 2MB2)",青涩宝贝
Sentimental Graffiti (Japan) (Disc 1) (Game Disc) (2MB3),青涩宝贝
Sentimental Graffiti (Japan) (Disc 1) (Game Disc) (4M),青涩宝贝
Sentimental Graffiti (Japan) (Disc 1) (Game Disc) (5M),青涩宝贝
"Sentimental Graffiti (Japan) (Disc 2) (Second Window) (1M, 2M)",青涩宝贝
Sentimental Graffiti (Japan) (Disc 2) (Second Window) (4M),青涩宝贝
Sentimental Graffiti (Japan) (Disc 2) (Second Window) (5M),青涩宝贝
Sentimental Graffiti - First Window (Japan),青涩宝贝 - 第一部
Sento Monogatari Sono I (Japan),占都物语I
Sexy Parodius (Japan),性感疯狂大射击
Shadows of the Tusk (Japan),梦幻侠影
Shanghai - Banri no Choujou - The Great Wall (Japan) (1M),上海 - 万里长城 - 万里长城
Shanghai - Banri no Choujou - The Great Wall (Japan) (Rev A) (15M),上海 - 万里长城 - 万里长城
Shanghai - Great Moments (Japan) (1M),上海 - 伟大时刻
Shanghai - Great Moments (Japan) (2M),上海 - 伟大时刻
Shanghai - Triple-Threat (USA),上海 - 三重威胁
She'sn (Japan),KID恋爱
Shellshock (Europe),弹震症
Shellshock (France),弹震症
Shellshock (Germany),弹震症
Shellshock (USA),弹震症
Shellshock - Jus' Keepin' da Peace (Japan),弹震症 - 贝壳冲击
Shichisei Toushin Guyferd - Crown Kaimetsu Sakusen (Japan),七星斗神
Shienryuu (Japan),紫炎龙U
Shin Kaitei Gunkan - Koutetsu no Kodoku (Japan),新海底军舰 - 钢铁之孤独
Shin Megami Tensei - Devil Summoner (Japan) (Rev A),真女神转生 - 恶魔召唤师
Shin Megami Tensei - Devil Summoner (Japan) (Rev B),真女神转生 - 恶魔召唤师
Shin Seiki Evangelion (Japan),新世纪福音战士
Shin Seiki Evangelion - 2nd Impression (Japan) (Made in Japan),新世纪福音战士 - 第二次印象
Shin Seiki Evangelion - 2nd Impression (Japan) (Made in U.S.A.),新世纪福音战士 - 第二次印象
Shin Seiki Evangelion - Eva to Yukaina Nakama-tachi (Japan),新世纪福音战士 - 和愉快的伙伴们
Shin Shinobiden (Japan),新忍传
Shin Theme Park (Japan),新主题公园
Shingata Kururin Pa! (Japan),新型方块对战
Shining Force III (Europe) (R),光明力量3
Shining Force III (USA),光明力量3
Shining Force III - Scenario 1 - Outo no Kyoshin (Japan),光明力量3 - 剧本1 - 王都的巨神
Shining Force III - Scenario 1 - Outo no Kyoshin (Japan) (Rev A),光明力量3 - 剧本1 - 王都的巨神
Shining Force III - Scenario 2 - Nerawareta Miko (Japan),光明力量3 - 剧本2 - 猎物是神子
Shining Force III - Scenario 2 - Nerawareta Miko (Japan) (Rev A),光明力量3 - 剧本2 - 猎物是神子
Shining Force III - Scenario 3 - Hyouheki no Jashinguu (Japan),光明力量3 - 剧本3 - 冰壁邪神宫
Shining Wisdom (Europe),光明智慧
Shining Wisdom (Japan),光明智慧
Shining Wisdom (Japan) (Rev A),光明智慧
Shining Wisdom (USA),光明智慧
Shining the Holy Ark (Europe),光明圣柜
Shining the Holy Ark (Japan) (1M),光明圣柜
"Shining the Holy Ark (Japan) (2M, 3M)",光明圣柜
Shining the Holy Ark (USA),光明圣柜
Shinobi Legions (USA),新忍传
Shinobi-X - Shin Shinobi Den (Europe),忍者 - X - 新忍传
Shinouken (Japan),神凰拳
Shinpi no Sekai El-Hazard - El-Hazard - The Magnificent World for Sega Saturn (Japan) (2M),神秘的世界
Shinrei Jusatsushi Taroumaru (Japan),心灵咒杀师 - 太郎丸
Shinsetsu Samurai Spirits - Bushidou Retsuden (Japan),侍魂 - 武士道列传
Shinsetsu Yumemi Yakata - Tobira no Oku ni Dareka ga... (Japan) (Rev A) (1M),真说梦见馆
"Shinsetsu Yumemi Yakata - Tobira no Oku ni Dareka ga... (Japan) (Rev A) (2A, 2B)",真说梦见馆
Shinsetsu Yumemi Yakata - Tobira no Oku ni Dareka ga... (Japan) (Rev A) (5M),真说梦见馆
Shippuu Mahou Daisakusen - Kingdom-Grandprix (Japan),疾风魔法大作战 - 王国大奖赛
Shiroki Majo - Mou Hitotsu no Eiyuu Densetsu (Japan) (Disc 1),英雄传说3 - 白发魔女
Shiroki Majo - Mou Hitotsu no Eiyuu Densetsu (Japan) (Disc 2),英雄传说3 - 白发魔女
Shockwave Assault (Europe),冲击波 - 入侵地球
Shockwave Assault (USA),冲击波 - 入侵地球
Shougi Matsuri (Japan),将棋祭典
Shoujo Kakumei Utena - Itsuka Kakumei Sareru Monogatari (Japan) (Disc 1),少女革命 - 终将迎来革命的故事
Shoujo Kakumei Utena - Itsuka Kakumei Sareru Monogatari (Japan) (Disc 2),少女革命 - 终将迎来革命的故事
Shouryuu Sangoku Engi (Japan),升龙三国演义
Shunsai (Japan),骏才
Shusse Mahjong Daisettai (Japan),出世麻将 - 大接待
Shutsudou! Miniskirt Police (Japan) (2M),出击迷你裙女警
Sid Meier's Civilization - Shin Sekai Shichidai Bunmei (Japan),文明帝国 - 新世界七大文明
Side Pocket 2 - Densetsu no Hustler (Japan),花式撞球2
Side Pocket 3 (Japan),花式撞球3
Silhouette Mirage (Japan),侧影幻像
Silhouette Mirage (Japan) (Rev A),侧影幻像
SimCity 2000 (Europe),模拟城市2000
SimCity 2000 (Japan) (Rev A),模拟城市2000
SimCity 2000 (USA),模拟城市2000
Simulation RPG Tkool (Japan),模拟RPG工具
Simulation Zoo (Japan),模拟动物园
"Skeleton Warriors (Europe) (En,Fr,De,Es,It)",骷髅战士
Skeleton Warriors (USA),骷髅战士
Skull Fang - Kuuga Gaiden (Japan),空牙外传
Sky Target (Europe),空中目标
Sky Target (Japan),空中目标
Sky Target (USA),空中目标
Slam 'n Jam '96 featuring Magic & Kareem (Japan),大灌篮96 - 魔术队对贾巴尔
Slam 'n Jam '96 featuring Magic & Kareem - Signature Edition (Europe),大灌篮96 - 魔术队对贾巴尔 - 签名版
Slam 'n Jam '96 featuring Magic & Kareem - Signature Edition (USA),大灌篮96 - 魔术队对贾巴尔 - 签名版
Slayers Royal (Japan),魔剑美神
Slayers Royal 2 (Japan) (1M),魔剑美神2
Slayers Royal 2 (Japan) (2M),魔剑美神2
Snatcher (Japan),诱拐者
Soeldnerschild (Japan),少年佣兵团
Sokkou Seitokai - Sonic Council (Japan),速攻生徒会
Sol Divide (Japan),太阳表决
Solar Eclipse (USA) (2S),全日蚀
Solo Crisis (Japan) (1M),魔物危机
Solo Crisis (Japan) (2M),魔物危机
Sonic 3D - Flickies' Island (Europe),索尼克3D岛
Sonic 3D - Flickies' Island (Japan),索尼克3D岛
Sonic 3D Blast (USA),索尼克3D - BLAST
Sonic Jam (Europe),索尼克JAM
Sonic Jam (Japan),索尼克JAM
Sonic Jam (Japan) (Rev A),索尼克JAM
Sonic Jam (USA),索尼克JAM
Sonic R (Europe),索尼克R
Sonic R (Japan) (1M),索尼克R
Sonic R (Japan) (2M),索尼克R
"Sonic R (USA, Brazil)",索尼克R
Sonic Wings Special (Japan),音速战机
Sorvice (Japan),太阳罪恶
Sotsugyou - Graduation S (Japan),卒业S
Sotsugyou Album (Japan),卒业 - 相册
Sotsugyou Crossworld (Japan),卒业 - 世界旅行
Sotsugyou II - Neo Generation (Japan) (1M),卒业2
Sotsugyou II - Neo Generation (Japan) (2M),卒业2
Sotsugyou III - Wedding Bell (Japan),卒业3 - 婚礼的钟声
Soukuu no Tsubasa - Gotha World (Japan) (Disc 1),苍空之翼
Soukuu no Tsubasa - Gotha World (Japan) (Disc 2),苍空之翼
Soukyuu Gurentai (Japan),蒼穹紅蓮隊
Soukyuu Gurentai (Japan) (Rev A),蒼穹紅蓮隊
Soukyuu Gurentai - Otokuyou (Japan),蒼穹紅蓮隊 - 御德用
Sound Novel Machi (Japan) (Disc 1) (10.11-10.13 Incl.) (1M),街 - 命运的交叉点
Sound Novel Machi (Japan) (Disc 2) (10.13-10.15 Incl.) (1M),街 - 命运的交叉点
Sound Novel Machi (Japan) (Disc 2) (10.13-10.15 Incl.) (2M),街 - 命运的交叉点
Sound Novel Tkool 2 (Japan),音响小说工具2
Sound Qube (Japan),声音魔盒
Soviet Strike (Europe),攻击苏联
Soviet Strike (France),攻击苏联
Soviet Strike (Germany),攻击苏联
Soviet Strike (Japan),攻击苏联
Soviet Strike (USA),攻击苏联
Space Hulk - Vengeance of the Blood Angels (Europe),太空战舰 - 血天使的复仇
Space Hulk - Vengeance of the Blood Angels (USA),太空战舰 - 血天使的复仇
Space Invaders (Japan),太空侵略者
Space Jam (Europe),空中大灌篮
Space Jam (Japan),空中大灌篮
Space Jam (USA),空中大灌篮
Spot Goes to Hollywood (Europe),七喜小子在好莱坞
Spot Goes to Hollywood (Japan),七喜小子在好莱坞
Spot Goes to Hollywood (USA),七喜小子在好莱坞
Stakes Winner - GI Kanzen Seiha e no Michi (Japan),赛马冠军 - 制霸之道
Stakes Winner 2 - Saikyouba Densetsu (Japan),赛马冠军2 - 最强马传说
Standby Say You! (Japan),随时待命
"Star Bowling Vol. 2, The (Japan) (Disc 1)",明星保龄球 - 卷2
"Star Bowling Vol. 2, The (Japan) (Disc 2)",明星保龄球 - 卷2
"Star Bowling, The (Japan) (Disc 1)",明星保龄球
"Star Bowling, The (Japan) (Disc 2)",明星保龄球
Star Fighter (USA),星际战士
"StarFighter 3000 (Europe) (En,Fr,De,Es,It)",星际战士3000
StarFighter 3000 (Japan),星际战士3000
Steam-Heart's (Japan),蒸汽之心
Steamgear Mash (Japan) (1M),蒸汽齿轮
Steamgear Mash (Japan) (2M),蒸汽齿轮
Steep Slope Sliders (Europe),速降滑雪
Steep Slope Sliders (Japan),速降滑雪
Steep Slope Sliders (USA),速降滑雪
Stellar Assault SS (Japan),行星攻击SS
"Story of Thor 2, The (Europe)",光之继承者2
Strahl - Himerareshi Nanatsu no Hikari (Japan),钢铁要塞秘之光
Street Fighter - Real Battle on Film (Japan) (2M),街头霸王 - 电影版
Street Fighter - Real Battle on Film (Japan) (3M),街头霸王 - 电影版
Street Fighter - Real Battle on Film (Japan) (4M),街头霸王 - 电影版
Street Fighter - The Movie (Europe) (2S),街头霸王 - 电影版
Street Fighter - The Movie (Europe) (4S),街头霸王 - 电影版
Street Fighter - The Movie (USA),街头霸王 - 电影版
Street Fighter Alpha - Warriors' Dreams (Europe),少年街霸 - 斗士的梦想
Street Fighter Alpha - Warriors' Dreams (USA),少年街霸 - 斗士的梦想
Street Fighter Alpha 2 (Europe),少年街霸2
Street Fighter Alpha 2 (USA),少年街霸2
Street Fighter Collection (Europe) (Disc 1) (R),街头霸王合集
Street Fighter Collection (Europe) (Disc 2) (R),街头霸王合集
Street Fighter Collection (Japan) (Disc 1),街头霸王合集
Street Fighter Collection (Japan) (Disc 2),街头霸王合集
Street Fighter Collection (USA) (Disc 1),街头霸王合集
Street Fighter Collection (USA) (Disc 2),街头霸王合集
Street Fighter II Movie (Japan) (Disc 1),街头霸王2 - 电影
Street Fighter II Movie (Japan) (Disc 2),街头霸王2 - 电影
Street Fighter Zero (Japan) (1M),街头霸王ZERO
Street Fighter Zero (Japan) (2M),街头霸王ZERO
Street Fighter Zero (Japan) (Rev A) (10M),街头霸王ZERO
Street Fighter Zero 2 (Japan),街头霸王ZERO2
Street Fighter Zero 2' (Japan),街头霸王ZERO2'
Street Fighter Zero 3 (Japan),街头霸王ZERO3
Street Racer (Europe),街头赛车
Street Racer Extra (Japan),街头赛车加强版
"Striker 96 (Europe) (En,Fr,De,Es,It)",射手96
"Striker 96 (Japan) (En,Fr,De,Es,It)",射手96
Striker 96 (USA),射手96
Strikers 1945 (Japan),打击者1945
Strikers 1945 II (Japan),打击者1945二代
Suchie-Pai Adventure - Doki Doki Nightmare (Japan) (Disc 1),SUCHIE - PAI冒险 - 让人心跳的噩梦
Suchie-Pai Adventure - Doki Doki Nightmare (Japan) (Disc 2),SUCHIE - PAI冒险 - 让人心跳的噩梦
Sugoventure - Dragon Master Silk Gaiden (Japan),惊奇冒险 - 龙之少女外传
Suiko Enbu (Japan),水浒演武
Suiko Enbu - Fuuun Saiki (Japan),水浒演武 - 风云再起
Suikoden - Tendou Hyaku Hachi-sei (Japan),水浒传 - 天导108星
Suikoden - Tenmei no Chikai (Japan) (2M),水浒传 - 天命之誓
Super Adventure Rockman (Japan) (Disc 1) (Episode 1 - Tsuki no Shinden),超级洛克人大冒险
Super Adventure Rockman (Japan) (Disc 1) (Episode 1 - Tsuki no Shinden) (1M),超级洛克人大冒险
Super Adventure Rockman (Japan) (Disc 2) (Episode 2 - Shitou! Wily Numbers),超级洛克人大冒险
Super Adventure Rockman (Japan) (Disc 2) (Episode 2 - Shitou! Wily Numbers) (1M),超级洛克人大冒险
Super Adventure Rockman (Japan) (Disc 3) (Episode 3 - Saigo no Tatakai!!),超级洛克人大冒险
Super Adventure Rockman (Japan) (Disc 3) (Episode 3 - Saigo no Tatakai!!) (1M),超级洛克人大冒险
Super Casino Special (Japan),超级赌场 - 特别版
Super Puzzle Fighter II Turbo (Europe),超级方块战士2 - 加速版
Super Puzzle Fighter II Turbo (USA),超级方块战士2 - 加速版
Super Puzzle Fighter II X (Japan),街霸方块
Super Real Mahjong Graffiti (Japan) (2M),超真实麻雀 - Graffiti
Super Real Mahjong Graffiti (Japan) (P's Club Special Edition) (2M),超真实麻雀 - Graffiti
Super Real Mahjong P.V (Japan) (2M),超真实麻将 - PV
Super Real Mahjong P7 (Japan) (3M),超真实麻雀P7
Super Real Mahjong P7 (Japan) (P's Club Special Edition),超真实麻雀P7
Super Real Mahjong PVI (Japan),超真实麻雀P6
Super Real Mahjong PVI (Japan) (P's Club Special Edition),超真实麻雀P6
"Super Robot Taisen F (Japan) (Rev A) (10M, 11M, 12M, 13M)",超级机器人大战F
Super Robot Taisen F (Japan) (Rev B) (21M),超级机器人大战F
"Super Robot Taisen F - Kanketsu-hen (Japan) (2M, 3M)",超级机器人大战F - 完结篇
Super Robot Taisen F - Kanketsu-hen (Japan) (5M),超级机器人大战F - 完结篇
Super Robot Taisen F - Kanketsu-hen (Japan) (Rev A) (10M),超级机器人大战F - 完结篇
Super Robot Taisen F - Kanketsu-hen (Japan) (Rev A) (11M),超级机器人大战F - 完结篇
Super Tempo (Japan),超级节拍
"Swagman (Europe) (En,Fr,De)",梦魔
Sword & Sorcery (Japan) (2M),剑与魔杖
Sword & Sorcery (Japan) (Rev A) (10M),剑与魔杖
TNN Motor Sports HardCore 4X4 (USA),TNN汽车运动 - 铁杆4X4
Tactical Fighter (Japan),策略格斗
Tactics Formula (Japan),玩具比赛车
Tactics Ogre - Let Us Cling Together (Japan),皇家骑士团 - 命运之轮
Tadaima Wakusei Kaitaku-chuu! (Japan),我回来啦 - 外星开发中
Taiheiyou no Arashi 2 - Shippuu no Moudou (Japan),太平洋之岚2
Taikou Risshiden II (Japan) (2M),太阁立志传2
Taikou Risshiden II (Japan) (Rev A) (10M),太阁立志传2
Taikyoku Shougi - Kiwame II (Japan),对局将棋 - 极2
Taito Chase H.Q. + S.C.I. (Japan),TAITO - 追踪HQ+S.C.I.
Taklamakan - Tonkou Denki (Japan),塔克拉玛干 - 敦煌傅奇
Tama - Adventurous Ball in Giddy Labyrinth (Japan),滚球迷宫冒险
Tanjou - Debut S (Japan) (1M),诞生 - DEBUT
Tanjou - Debut S (Japan) (5M),诞生 - DEBUT
Tantei Jinguuji Saburou - Mikan no Report (Japan),探偵神宮寺三郎 - 未完的报告
Tantei Jinguuji Saburou - Yume no Owari ni (Japan) (3M),探偵神宮寺三郎 - 在梦的终点
Teitoku no Ketsudan II (Japan),提督的决断2
Teitoku no Ketsudan III (Japan),提督的决断3
Teitoku no Ketsudan III with Power-Up Kit (Japan),提督的决断3 - 威力加强版
Tekkyuu - True Pinball (Japan),铁球 - 真实弹珠
Tempest 2000 (Europe),暴风雨2000
Tempest 2000 (USA),暴风雨2000
Ten Pin Alley (USA),大满贯保龄球
Tenant Wars (Japan),房客战争
Tenchi Muyou! Mimiri Onsen - Yukemuri no Tabi (Japan) (Disc 1),天地无用 - 魅御理温泉之旅
Tenchi Muyou! Mimiri Onsen - Yukemuri no Tabi (Japan) (Disc 2),天地无用 - 魅御理温泉之旅
Tenchi Muyou! Rensa Hitsuyou (Japan),天地无用 - 连锁必要
Tenchi Muyou! Ryououki Gokuraku CD-ROM for Sega Saturn (Japan) (1M),天地无用 - 魎皇鬼 - CD - ROM - 世嘉土星版
Tenchi Muyou! Toukou Muyou - Aniraji Collection (Japan) (Disc 1),天地无用 - 登校无用 - ANIRAJI - 精选集
Tenchi Muyou! Toukou Muyou - Aniraji Collection (Japan) (Disc 2),天地无用 - 登校无用 - ANIRAJI - 精选集
Tenchi o Kurau II - Sekiheki no Tatakai (Japan),吞食天地2 - 赤壁之战
Tenga Seiha (Japan),天下制霸
Tengai Makyou - Daiyon no Mokushiroku - The Apocalypse IV (Japan) (Disc 1),天外魔境 - 第四默示录4
Tengai Makyou - Daiyon no Mokushiroku - The Apocalypse IV (Japan) (Disc 2),天外魔境 - 第四默示录4
Tennis Arena (Japan),网球竞技场
Terra Cresta 3D (Japan) (2M),火凤凰3D
Terra Phantastica (Japan),大地女神幻想曲
"Terry Pratchett's Discworld (Europe) (En,Fr,De,Es,It)",泰瑞普莱契的碟形世界
Tetris Plus (Europe),俄罗斯方块
Tetris Plus (Japan),俄罗斯方块
Tetris Plus (USA),俄罗斯方块
Tetris S (Japan),俄罗斯方块S
Tetris S (Japan) (Rev A),俄罗斯方块S
Texthoth Ludo - Arcana Senki (Japan),塔罗秘境 - 战术奇兵
"Theme Park (Europe) (En,Fr,De,Es,Sv)",主题乐园
Theme Park (Japan),主题乐园
Theme Park (USA),主题乐园
Thor - Seireioukiden (Japan),光之继承者 - 雷神传说 - 精灵王纪传
Three Dirty Dwarves (Europe),爆笑三人组
Three Dirty Dwarves (Japan) (2M),爆笑三人组
Three Dirty Dwarves (USA) (RE),爆笑三人组
Thunder Force Gold Pack 1 (Japan),雷鸟黄金包1
Thunder Force Gold Pack 2 (Japan) (Rev A),雷鸟黄金包2
Thunder Force V (Japan),雷鸟5
Thunder Storm & Road Blaster (Japan) (Disc 1) (Thunder Storm),雷电合集
Thunder Storm & Road Blaster (Japan) (Disc 2) (Road Blaster),雷电合集
Thunderhawk II (Japan),雷霆飞鹰2
Thunderstrike 2 (USA),雷霆一击2
Thunderstrike 2 (USA) (Rev A),雷霆一击2
Tilk - Aoi Umi kara Kita Shoujo (Japan),蒂尔克 - 大海来的少女
"Tilt! (Europe) (En,Fr,De)",倾斜
Time Bokan Series - Bokan to Ippatsu! Doronbow Kanpekiban (Japan),小双侠 - 时间飞船
Time Commando (Japan),时空游侠
"Time Gal & Ninja Hayate (Japan) (En,Ja) (Disc 1) (Time Gal)",时间少女和忍者哈亚特
"Time Gal & Ninja Hayate (Japan) (En,Ja) (Disc 2) (Ninja Hayate) (3M)",时间少女和忍者哈亚特
Titan Wars (Europe),泰坦战争
Titan Wars (Japan),泰坦战争
Tokimeki Mahjong Graffiti - Toshishita no Tenshi-tachi (Japan),心跳麻雀 - 年少的天使们
Tokimeki Mahjong Paradise - Koi no Tenpai Beat (Japan),心跳麻雀
Tokimeki Memorial - Forever with You (Japan) (1M),心跳回忆 - 永远属于你
Tokimeki Memorial - Forever with You (Japan) (2M),心跳回忆 - 永远属于你
Tokimeki Memorial - Forever with You (Japan) (Special-ban) (2M),心跳回忆 - 永远属于你
Tokimeki Memorial Drama Series Vol. 1 - Nijiiro no Seishun (Japan),心跳回忆外传 - 虹色青春
Tokimeki Memorial Drama Series Vol. 2 - Irodori no Love Song (Japan) (Disc 1) (2M),心跳回忆外传 - 彩之爱歌
Tokimeki Memorial Drama Series Vol. 2 - Irodori no Love Song (Japan) (Disc 2) (2M),心跳回忆外传 - 彩之爱歌
Tokimeki Memorial Drama Series Vol. 3 - Tabidachi no Uta (Japan) (Disc 1),心跳回忆外传 - 旅立之诗
Tokimeki Memorial Drama Series Vol. 3 - Tabidachi no Uta (Japan) (Disc 2),心跳回忆外传 - 旅立之诗
Tokimeki Memorial Taisen Puzzledama (Japan) (1M),心跳回忆 - 对战方块
Tokimeki Memorial Taisen Puzzledama (Japan) (2M),心跳回忆 - 对战方块
Tokimeki Memorial Taisen Tokkaedama (Japan),心跳回忆 - 对战方块
Tokuso Kidoutai J-SWAT (Japan),特搜机动队J - SWAT
Tokyo Shadow (Japan) (Disc 1),东京暗影
Tokyo Shadow (Japan) (Disc 2),东京暗影
Tokyo Shadow (Japan) (Disc 3),东京暗影
Tomb Raider (Europe),古墓丽影
Tomb Raider (USA),古墓丽影
Tomb Raiders (Japan),盗墓者
Top Anglers - Super Fishing Big Fight 2 (Japan),顶级垂钓者 - 超级钓鱼大战2
Torico (Europe) (Disc 1),月花雾幻谭
Torico (Europe) (Disc 2),月花雾幻谭
Touge King the Spirits (Japan),山顶赛车
Touge King the Spirits 2 (Japan),山顶赛车2
Tour Party - Sotsugyou Ryokou ni Ikou (Japan) (Rev A),去毕业旅行吧
Tournament Leader (Japan),高尔夫锦标赛领队
Touryuu Densetsu Elan Doree (Japan),斗龙传说
Toushinden S (Japan),斗神传S
Toushinden URA (Japan),斗神传URA
"Tower, The (Japan)",塔
Transport Tycoon (Japan),运输大亨
"Trash It (Europe) (En,Fr,De,Es,It)",锤击大冒险
True Pinball (Europe),铁球
True Pinball (USA),铁球
Tryrush Deppy (Japan),猛冲的戴皮
Tsuukai!! Slot Shooting (Japan),痛快对战
"Tunnel B1 (Europe) (En,Fr,De,Es,It)",隧道B1
Tunnel B1 (USA),隧道B1
TurfWind '96 - Take Yutaka Kyousouba Ikusei Game (Japan),武丰赛马养成'96
Tutankhamen no Nazo - A.N.K.H (Japan) (Disc 1),图坦卡门之谜 - A.N.K.H
Tutankhamen no Nazo - A.N.K.H (Japan) (Disc 2),图坦卡门之谜 - A.N.K.H
Twinkle Star Sprites (Japan) (Disc 1) (Game Disc),梦幻小妖精双子星大进击
Twinkle Star Sprites (Japan) (Disc 2) (Omake Disc),梦幻小妖精双子星大进击
"UEFA Euro 96 - England (Europe) (En,Fr,De,Es,It,Pt)",欧洲杯'96 - 英格兰
Ultimate Mortal Kombat 3 (Europe),终极真人快打3
Ultimate Mortal Kombat 3 (Europe) (Rev A),终极真人快打3
Ultimate Mortal Kombat 3 (USA),终极真人快打3
Ultraman - Hikari no Kyojin Densetsu (Japan),奥特曼 - 光之巨人传说
Umanari 1 Furlong Theater (Japan),马背上的剧场
Universal Nuts (Japan),神秘奇迹
Uno DX (Japan),乌诺牌DX
"Unsolved, The (Japan) (Disc 1)",未解之谜
"Unsolved, The (Japan) (Disc 2)",未解之谜
"Unsolved, The (Japan) (Disc 3)",未解之谜
VR Golf '97 (USA),VR高尔夫97
VR Soccer (USA),VR足球
Valora Valley Golf (Europe),瓦洛拉谷高尔夫
Valora Valley Golf (USA),瓦洛拉谷高尔夫
Vampire Hunter - Darkstalkers' Revenge (Japan) (1M),恶魔猎人 - 恶魔的复仇
"Vampire Hunter - Darkstalkers' Revenge (Japan) (2M, 4M)",恶魔猎人 - 恶魔的复仇
Vampire Hunter - Darkstalkers' Revenge (Japan) (3M),恶魔猎人 - 恶魔的复仇
Vampire Savior - The Lord of Vampire (Japan),恶魔战士3-救世主
Vandal Hearts - Ushinawareta Kodai Bunmei (Japan),汪达尔之心 - 失落古文明
Vatlva (Japan) (Rev A),乱斗赛车
Victory Boxing (Europe),胜利拳击
Victory Goal (Japan) (1A),胜利足球
Victory Goal (Japan) (2B),胜利足球
Victory Goal (Japan) (3A),胜利足球
Victory Goal Worldwide Edition (Japan),世嘉胜利足球
Virtua Cop (Europe),VR战警
Virtua Cop (Europe) (2S),VR战警
Virtua Cop (Europe) (4S),VR战警
Virtua Cop (Europe) (7S),VR战警
"Virtua Cop (Japan) (1M, 5M)",VR战警
Virtua Cop (Japan) (2M),VR战警
Virtua Cop (Japan) (3M),VR战警
"Virtua Cop (USA) (5S, 6S)",VR战警
Virtua Cop (USA) (7S),VR战警
"Virtua Cop (USA) (8S, 12S)",VR战警
Virtua Cop 2 (Europe),VR战警2
Virtua Cop 2 (Japan) (2M),VR战警2
Virtua Cop 2 (Japan) (3M),VR战警2
Virtua Cop 2 (Japan) (Rev B) (23M),VR战警2
Virtua Cop 2 (USA),VR战警2
Virtua Fighter (Europe) (Made in EU),VR战士
Virtua Fighter (Europe) (Made in USA),VR战士
Virtua Fighter (Japan),VR战士
Virtua Fighter (USA),VR战士
Virtua Fighter 2 (Europe) (Made in EU),VR战士2
Virtua Fighter 2 (Europe) (Made in USA),VR战士2
Virtua Fighter 2 (Europe) (Rev A) (Made in EU),VR战士2
Virtua Fighter 2 (Europe) (Rev A) (Made in USA),VR战士2
Virtua Fighter 2 (Japan) (Rev B),VR战士2
"Virtua Fighter 2 (Japan) (Rev B) (32B, 37M)",VR战士2
Virtua Fighter 2 (Japan) (Rev B) (34C),VR战士2
Virtua Fighter 2 (Japan) (Rev B) (35C),VR战士2
"Virtua Fighter 2 (Japan) (Rev B) (36B, 36C)",VR战士2
Virtua Fighter 2 (Japan) (Rev B) (39B),VR战士2
Virtua Fighter 2 (Japan) (Rev C) (42M),VR战士2
Virtua Fighter 2 (Korea),VR战士2
Virtua Fighter 2 (USA),VR战士2
Virtua Fighter 2 (USA) (RE),VR战士2
Virtua Fighter Kids (Europe),VR战士口袋版
Virtua Fighter Kids (Japan),VR战士口袋版
Virtua Fighter Kids (Japan) (Java Tea Original),VR战士口袋版
Virtua Fighter Kids (Korea),VR战士口袋版
Virtua Fighter Kids (USA),VR战士口袋版
Virtua Fighter Remix (Europe),VR战士 - REMIX
"Virtua Fighter Remix (Japan) (2M, 5M)",VR战士 - REMIX
Virtua Fighter Remix (Japan) (4M),VR战士 - REMIX
Virtua Fighter Remix (Japan) (6M),VR战士 - REMIX
Virtua Fighter Remix (Japan) (SegaNet),VR战士 - REMIX
Virtua Fighter Remix (Korea),VR战士 - REMIX
Virtua Fighter Remix (USA),VR战士 - REMIX
"Virtua Photo Studio - Cameraman Simulation (Japan) (1M, 2M)",VR摄影棚 - 模拟摄影师
Virtua Racing (Europe),VR赛车
Virtua Racing (Japan),VR赛车
Virtua Racing (USA) (12S),VR赛车
Virtua Racing (USA) (15S),VR赛车
Virtuacall S (Japan) (Disc 1) (Game Honpen),虚拟来电S
Virtuacall S (Japan) (Disc 2) (Shokai Gentei Yobikake-kun),虚拟来电S
Virtual Casino (Japan),虚拟赌场
Virtual Casino (USA),虚拟赌场
Virtual Golf (Europe),VR高尔夫
Virtual Hydlide (Europe),虚拟梦幻仙境
Virtual Hydlide (Japan) (2M),虚拟梦幻仙境
Virtual Hydlide (USA) (P4H),虚拟梦幻仙境
Virtual Hydlide (USA) (P5H),虚拟梦幻仙境
Virtual Kyoutei (Japan),VR赛艇
Virtual Kyoutei 2 (Japan) (2M),VR赛艇2
Virtual Mahjong (Japan),虚拟麻雀
Virtual Mahjong 2 - My Fair Lady (Japan),虚拟麻雀2 - 我的女士
Virtual On - Cyber Troopers (Europe),电脑战机
Virtual On - Cyber Troopers (USA),电脑战机
Virtual On - Cyber Troopers Net Link Edition (USA),电脑战机 - 网络链接版
Virtual Open Tennis (Europe),虚拟开幕网球
Virtual Open Tennis (Japan),虚拟开幕网球
Virtual Open Tennis (USA),虚拟开幕网球
Virtual Volleyball (Japan),虚拟排球
Virus (Japan) (Disc 1),病毒
Virus (Japan) (Disc 2),病毒
Virus (Japan) (Disc 3),病毒
Voice Fantasia S - Ushinawareta Voice Power (Japan) (Disc 1),声音幻想曲S - 失去的声音力量
Voice Fantasia S - Ushinawareta Voice Power (Japan) (Disc 2) (Premium CD-ROM),声音幻想曲S - 失去的声音力量
Voice Idol Maniacs - Pool Bar Story (Japan) (Disc 1) (2M),声优台球
Voice Idol Maniacs - Pool Bar Story (Japan) (Disc 2),声优台球
WWF In Your House (Europe),美国职业摔交联盟 - 你的房子
WWF In Your House (Japan),美国职业摔交联盟 - 你的房子
WWF In Your House (USA),美国职业摔交联盟 - 你的房子
WWF WrestleMania - The Arcade Game (Europe),美国职业摔交联盟 - 街机游戏
WWF WrestleMania - The Arcade Game (Japan),美国职业摔交联盟 - 街机游戏
WWF WrestleMania - The Arcade Game (USA),美国职业摔交联盟 - 街机游戏
Wachenroeder (Japan),钢铁世纪
Waialae no Kiseki - Extra 36 Holes (Japan),瓦乐奇迹高尔夫
Waku Waku 7 (Japan),火热火热7
Waku Waku Puyo Puyo Dungeon (Japan) (3M),火热火热对噗呦噗呦
Waku Waku Puyo Puyo Dungeon (Japan) (4M),火热火热对噗呦噗呦
Waku^2 Monster (Japan),火热怪物蛋
WanChai Connection (Japan) (Disc A),湾仔事件
"WanChai Connection (Japan) (Disc B) (3A, 3C)",湾仔事件
Wangan Dead Heat (Japan),湾岸赛车 - 势均力敌
Wangan Dead Heat + Real Arrange (Japan) (Disc 1),湾岸赛车 - 势均力敌+真实演绎
Wangan Dead Heat + Real Arrange (Japan) (Disc 2) (Addition),湾岸赛车 - 势均力敌+真实演绎
Wangan Trial Love (Japan),湾岸试恋
"WarCraft II - The Dark Saga (Europe) (En,Fr,De,Es,It)",魔兽争霸2 - 暗黑传说
WarCraft II - The Dark Saga (Japan),魔兽争霸2 - 暗黑传说
WarCraft II - The Dark Saga (USA),魔兽争霸2 - 暗黑传说
Wara Wara Wars - Gekitou! Daigundan Battle (Japan),战役军团
Welcome House (Japan),欢迎房子
Whizz (Europe),专家兔
Whizz (Japan),专家兔
Willy Wombat (Japan),蝙蝠狼
Wing Arms (Europe),华丽击坠王
Wing Arms (USA) (4S),华丽击坠王
Wing Arms (USA) (5S),华丽击坠王
Wing Arms - Kareinaru Gekitsuiou (Japan) (Rev A),华丽击坠王
Winning Post (USA),赛马大亨
Winning Post 2 (Japan) (2M),赛马大亨2
Winning Post 2 (Japan) (Rev A) (10M),赛马大亨2
Winning Post 2 - Final '97 (Japan),赛马大亨2'97
Winning Post 2 - Program '96 (Japan),赛马大亨2'96
Winning Post 3 (Japan) (2M),赛马大亨3
Winning Post 3 (Japan) (3M),赛马大亨3
Winning Post 3 - Program '98 (Japan),赛马大亨3'98
Winning Post EX (Japan),赛马大亨EX
Winter Heat (Europe),冬季奥运会
Winter Heat (Japan),冬季奥运会
Winter Heat (USA),冬季奥运会
WipEout (Europe),反重力赛车
WipEout (Japan) (2M),反重力赛车
WipEout (USA),反重力赛车
WipEout 2097 (Europe),反重力赛车2097
Wipeout XL (Japan),反重力赛车XL
With You - Mitsumeteitai (Japan) (Disc 1),想见你
With You - Mitsumeteitai (Japan) (Disc 2),想见你
Wizard's Harmony (Japan),巫师融洽
Wizard's Harmony 2 (Japan) (1M),巫师融洽2
Wizard's Harmony 2 (Japan) (2M),巫师融洽2
Wizardry - Llylgamyn Saga (Japan),巫术 - 123合集
Wizardry Nemesis - The Wizardry Adventure (Japan) (Disc 1),巫术大冒险
Wizardry Nemesis - The Wizardry Adventure (Japan) (Disc 2),巫术大冒险
Wizardry VI & VII Complete (Japan) (3M),巫术6+7完全版
Wizardry VI & VII Complete (Japan) (Sample-ban) (3M),巫术6+7完全版
Wolf Fang SS - Kuuga 2001 (Japan),空牙2001
"World Advanced Daisenryaku - Koutetsu no Senpuu (Japan) (1M, 4M)",大战略 - 钢铁雄风
World Advanced Daisenryaku - Koutetsu no Senpuu (Japan) (2M),大战略 - 钢铁雄风
World Advanced Daisenryaku - Koutetsu no Senpuu (Japan) (Rev A) (10M),大战略 - 钢铁雄风
World Advanced Daisenryaku - Sakusen File (Japan) (1M),大战略 - 作战文件
World Advanced Daisenryaku - Sakusen File (Japan) (2M),大战略 - 作战文件
World Cup '98 France - Road to Win (Japan),法国世界杯'98 - 胜利之路
"World Cup Golf - In Hyatt Dorado Beach (Japan) (En,Ja)",世界杯高尔夫
World Cup Golf - Professional Edition (Europe) (1S),高尔夫世界杯 - 专业版
World Cup Golf - Professional Edition (Europe) (3S),高尔夫世界杯 - 专业版
World Cup Golf - Professional Edition (France),高尔夫世界杯 - 专业版
World Cup Golf - Professional Edition (Germany) (Rev A),高尔夫世界杯 - 专业版
World Cup Golf - Professional Edition (USA) (RE2),高尔夫世界杯 - 专业版
World Evolution Soccer (Japan),世界进化足球
World Heroes Perfect (Japan),世界英雄完美版
World League Soccer '98 (Europe),世界联盟足球'98
World Series Baseball (Europe),世界棒球大赛
World Series Baseball (USA),世界棒球大赛
World Series Baseball 98 (USA),世界棒球大赛'98
World Series Baseball II (Europe),世界棒球大赛2
World Series Baseball II (Japan),世界棒球大赛2
World Series Baseball II (USA) (1S),世界棒球大赛2
World Series Baseball II (USA) (2S),世界棒球大赛2
"Worldwide Soccer '98 (USA) (En,Fr,Es)",世界联赛足球'98
Worldwide Soccer - Sega International Victory Goal Edition (Korea),世界联赛足球 - 世嘉国际胜利进球版
Worldwide Soccer - Sega International Victory Goal Edition (USA) (RE),世界联赛足球 - 世嘉国际胜利进球版
Worms (Europe),百战天虫
Worms (Japan),百战天虫
Worms (USA),百战天虫
X-Men - Children of the Atom (Europe) (2S),X战警 - 磁场原子人
X-Men - Children of the Atom (Europe) (3S),X战警 - 磁场原子人
X-Men - Children of the Atom (Japan),X战警 - 磁场原子人
X-Men - Children of the Atom (USA),X战警 - 磁场原子人
X-Men vs. Street Fighter (Japan) (1M),X战警对街霸
X-Men vs. Street Fighter (Japan) (2M),X战警对街霸
X-Men vs. Street Fighter (Japan) (3M),X战警对街霸
Xianjian Qixiazhuan (Taiwan),仙剑奇侠传
"Yakyuuken Special, The - Kon'ya wa 12-kaisen!! (Japan) (1M)",野球拳特别版 - 今夜大战12回合
Yellow Brick Road (Japan) (3M),黄砖路
Yoshimoto Mahjong Club (Japan),彩京麻将俱乐部
Yoshimura Shougi (Japan),吉村将棋
Yu-No - Konoyo no Hate de Koi o Utau Shoujo (Japan) (Disc A),在世界尽头咏唱爱的少女
Yu-No - Konoyo no Hate de Koi o Utau Shoujo (Japan) (Disc B),在世界尽头咏唱爱的少女
Yu-No - Konoyo no Hate de Koi o Utau Shoujo (Japan) (Disc C),在世界尽头咏唱爱的少女
Yumimi Mix Remix (Japan),吉泽弓美复刻版
Yuukyuu Gensoukyoku (Japan),悠久幻想曲
Yuukyuu Gensoukyoku (Japan) (Alt),悠久幻想曲
Yuukyuu Gensoukyoku 2nd Album (Japan),悠久幻想曲2
Yuukyuu Gensoukyoku 2nd Album (Japan) (2M),悠久幻想曲2
Yuukyuu Gensoukyoku Ensemble (Japan),悠久幻想曲 - ENSEMBLE
Yuukyuu Gensoukyoku Ensemble 2 (Japan),悠久幻想曲 - ENSEMBLE2
Yuukyuu no Kobako Official Collection (Japan),悠久的小箱 - 官方精选集
Yuukyuu no Kobako Official Collection (Japan) (1M),悠久的小箱 - 官方精选集
Yuushun - Classic Road (Japan),优骏 - 古典之路
Z (Europe),Z模拟战
Zanma Chou Ougi - Valhollian (Japan),斩魔超奥义
Zap! Snowboarding Trix '98 (Japan),滑雪高手'98
Zap! Snowboarding Trix (Japan),滑雪高手
Zen Nihon Pro Wres featuring Virtua (Japan),全日本职业摔跤 - VR版
Zen Nihon Pro Wres featuring Virtua (Japan) (Rev A),全日本职业摔跤 - VR版
Zenkoku Seifuku Bishoujo Grand Prix - Find Love (Japan),全国制服美少女 - 寻找爱
Zero Divide - The Final Conflict (Japan),战斗程序零号 - 最后的冲突
Zero4 Champ DooZy-J Type-R (Japan),零四赛车代号R
Zoku Gussun Oyoyo (Japan) (2M),豆豆君
Zoku Hatsukoi Monogatari - Shuugaku Ryokou (Japan) (Disc 1) (Shougakusei Jidai),续初恋物语 - 修学旅行 - 修学旅行
Zoku Hatsukoi Monogatari - Shuugaku Ryokou (Japan) (Disc 2) (Chuugakusei Jidai),续初恋物语 - 修学旅行 - 修学旅行
Zoku Hatsukoi Monogatari - Shuugaku Ryokou (Japan) (Disc 3) (Koukousei Jidai),续初恋物语 - 修学旅行 - 修学旅行
Zoku Hatsukoi Monogatari - Shuugaku Ryokou (Japan) (Disc 4) (Daigakusei Jidai & Koukou kara Daigaku ni Agaru ma no Haruyasumi),续初恋物语 - 修学旅行 - 修学旅行
Zoop (Japan),放大连块
Zork I - The Great Underground Empire (Japan),大魔域I - 伟大的地下帝国
m [emu] - Kimi o Tsutaete (Japan) (2M),传达给你
