Name EN,Name ZH
102 Dalmatians - Puppies to the Rescue (UK),102斑点狗-营救行动(英版)
"18 Wheeler - American Pro Trucker (Europe) (En,Fr,De,Es)","18轮-美国专业卡车司机(欧版)(英,法,德,西)"
18 Wheeler - American Pro Trucker (Japan),18轮-美国专业卡车司机(日版)
18 Wheeler - American Pro Trucker (USA),18轮-美国专业卡车司机(美版)
21 - Two One (Japan),21-二一(日版)
"4 Wheel Thunder (Europe) (En,Fr)","四轮车迅雷越野赛(欧版)(英,法)"
4 Wheel Thunder (USA),四轮车迅雷越野赛(美版)
4x4 Evo (USA),4×4方程式赛车(美版)
"90 Minutes - Sega Championship Football (Europe) (En,Fr,De,Es,It)","90分钟-世嘉冠军足球赛(欧版)(英,法,德,西,意)"
Advanced Daisenryaku - Sturm ueber Europa - Der Deutsche Blitzkrieg (Japan),大战略-欧洲风暴-德国闪电战(日版)
Advanced Daisenryaku 2001 (Japan),大战略2001(日版)
Aero Dancing - Todoroki Taichou no Himitsu Disc (Japan),飞空之舞-轰队长的秘密光盘(日版)
Aero Dancing F (Japan),飞空之舞F(日版)
Aero Dancing F (Japan) (Rev A),飞空之舞F(日版)(版本A)
Aero Dancing F - Todoroki Tsubasa no Hatsu Hikou (Japan),飞空之舞F-轰翼的首次飞行(日版)
Aero Dancing featuring Blue Impulse (Japan),飞空之舞-蓝色冲击波(日版)
Aero Dancing i (Japan),飞空之舞i(日版)
Aero Dancing i - Jikai-saku made Matemasen (Japan),飞空之舞i-决不放弃(日版)
"AeroWings (Europe) (En,Fr,De)","蓝天勇者(欧版)(英,法,德)"
AeroWings (USA),蓝天勇者(美版)
"AeroWings 2 - Airstrike (Europe) (En,De)","蓝天勇者2-空中打击(欧版)(英,德)"
AeroWings 2 - Airstrike (USA),蓝天勇者2-空中打击(美版)
After... Wasureenu Kizuna (Japan),无法忘怀的羁绊(日版)
Aikagi - Hidamari to Kanojo no Heyagi (Japan),爱之钥匙-暖阳的家居服(日版)
Air (Japan) (Rev A),青空(日版)(版本A)
AirForce Delta (Japan),空中力量(日版)
AirForce Delta (USA),空中力量(美版)
Akihabara Dennou-gumi Pata Pies! (Japan),秋叶原电脑组(日版)
Alien Front Online (USA),异形前线(美版)
Alone in the Dark - The New Nightmare (Europe) (Disc 1),鬼屋魔影4(欧版)(碟1)
Alone in the Dark - The New Nightmare (Europe) (Disc 2),鬼屋魔影4(欧版)(碟2)
Alone in the Dark - The New Nightmare (France) (Disc 1),鬼屋魔影4(法国)(碟1)
Alone in the Dark - The New Nightmare (France) (Disc 2),鬼屋魔影4(法国)(碟2)
"Alone in the Dark - The New Nightmare (Germany) (En,De) (Disc 1)","鬼屋魔影4(德国)(英,德)(碟1)"
"Alone in the Dark - The New Nightmare (Germany) (En,De) (Disc 2)","鬼屋魔影4(德国)(英,德)(碟2)"
Alone in the Dark - The New Nightmare (USA) (Disc 1),鬼屋魔影4(美版)(碟1)
Alone in the Dark - The New Nightmare (USA) (Disc 2),鬼屋魔影4(美版)(碟2)
Angel Present (Japan),天使之礼物(日版)
Angel Wish - Kimi no Egao ni Chu! (Japan),天使之心愿-你微笑的吻(日版)
Animastar (Japan),怪兽驯育师(日版)
Ao no 6-gou - Saigetsu Hito o Matazu - Time and Tide (Japan),青之六号-岁月不待(日版)
"Aqua GT (Europe) (En,Fr,De)","GT摩托艇(欧版)(英,法,德)"
Armada (USA),雷霆舰队(美版)
"Army Men - Sarge's Heroes (Europe) (En,Fr,De,Es,It)","玩具兵大战-萨基英雄(欧版)(英,法,德,西,意)"
Army Men - Sarge's Heroes (USA),玩具兵大战-萨基英雄(美版)
Atari Anniversary Edition (USA),雅达利周年纪念游戏合集(美版)
Atsumare! Guru Guru Onsen (Japan),咕噜咕噜温泉(日版)
Atsumare! Guru Guru Onsen BB (Japan),咕噜咕噜温泉BB(日版)
Atsumare! Guru Guru Onsen BB (Japan) (Rev A),咕噜咕噜温泉BB(日版)(版本A)
Bakumatsu Roman Daini Maku - Gekka no Kenshi - Final Edition (Japan),幕末浪漫第二幕-月华剑士-最终版(日版)
Bakuretsu Muteki Bangaioh (Japan),爆裂无敌(日版)
Baldr Force EXE (Japan),机甲战记EXE(日版)
Bang! Gunship Elite (USA),太空精英重拳出击(美版)
"Bangai-O (Europe) (En,Fr,De)","暴烈无敌(欧版)(英,法,德)"
Bangai-O (USA),暴烈无敌(美版)
Bass Rush Dream - EcoGear PowerWorm Championship (Japan),巴斯钓鱼-力量锦标赛(日版)
Battle Beaster (Japan),战斗魔兽(日版)
Berserk - Millennium Falcon-hen - Wasurebana no Shou (Japan),烙印战士-千年帝国之鹰编-丧失花之章(日版)
BikkuriMan 2000 - Viva! Festiva! (Japan),仙魔大战2000-节日庆典(日版)
Biohazard - Code - Veronica (Japan) (Disc 1),生化危机-代码维罗妮卡(日版)(碟1)
Biohazard - Code - Veronica (Japan) (Disc 1) (Genteiban),生化危机-代码维罗妮卡(日版)(碟1)(限量版)
Biohazard - Code - Veronica (Japan) (Disc 2),生化危机-代码维罗妮卡(日版)(碟2)
Biohazard - Code - Veronica (Japan) (Disc 2) (Genteiban),生化危机-代码维罗妮卡(日版)(碟2)(限量版)
Biohazard - Code - Veronica - Kanzenban (Japan) (Disc 1),生化危机-代码维罗妮卡-完全版(日版)(碟1)
Biohazard - Code - Veronica - Kanzenban (Japan) (Disc 2),生化危机-代码维罗妮卡-完全版(日版)(碟2)
Biohazard 2 - Value Plus (Japan) (Disc 1),生化危机2-超值版(日版)(碟1)
Biohazard 2 - Value Plus (Japan) (Disc 2),生化危机2-超值版(日版)(碟2)
Biohazard 3 - Last Escape (Japan),生化危机3-最后逃亡(日版)
Black-Matrix Advanced (Japan) (Disc 1),黑色矩阵-高级别(日版)(碟1)
Black-Matrix Advanced (Japan) (Disc 2),黑色矩阵-高级别(日版)(碟2)
Blue Stinger (Europe),苍蓝刺针(欧版)
Blue Stinger (France),苍蓝刺针(法国)
"Blue Stinger (Germany) (En,De)","苍蓝刺针(德国)(英,德)"
Blue Stinger (Japan),苍蓝刺针(日版)
Blue Stinger (USA),苍蓝刺针(美版)
Blue-Sky-Blue[s] - Sora o Mau Tsubasa (Japan),空中飞舞的翅膀(日版)
Bokomu no Tatsujin (Japan),我是梦之达人(日版)
Boku Doraemon (Japan),哆啦A梦(日版)
Boku no Tennis Jinsei (Japan),我的网球人生(日版)
"Boku to, Bokura no Natsu (Japan)",我与我们的夏天(日版)
Bomber Hehhe! (Japan),模拟爆破拆除(日版)
Bomberman Online (USA),炸弹人-在线版(美版)
Border Down (Japan),破茧先锋(日版)
Bounty Hunter Sara - Holy Mountain no Teiou (Japan),赏金猎人莎拉(日版)
"Buggy Heat (Europe) (En,Fr,De,Es)","热力四驱(欧版)(英,法,德,西)"
Buggy Heat (Japan),热力四驱(日版)
Bust-A-Move 4 (Europe),泡泡龙4(欧版)
Bust-A-Move 4 (USA),泡泡龙4(美版)
CR Hissatsu Shigotonin - Pachitte Chonmage @ VP@CHI (Japan),必杀仕事人(日版)
Caesars Palace 2000 - Millennium Gold Edition (Europe),凯撒的宫殿-千年的黄金(欧版)
Caesars Palace 2000 - Millennium Gold Edition (USA),凯撒的宫殿-千年的黄金(美版)
Cafe Little Wish (Japan),愿望餐厅-魔法收据(日版)
Canary - Kono Omoi o Uta ni Nosete (Japan),金丝雀-乘着这首歌(日版)
Candy Stripe - Minarai Tenshi (Japan),彩色棉花糖-见习天使(日版)
Cannon Spike (Europe),炮弹格斗(欧版)
Cannon Spike (USA),炮弹格斗(美版)
Canvas - Sepia Iro no Motif (Japan),画布-茶色主题(日版)
Capcom vs. SNK (Europe),卡普空对SNK(欧版)
Capcom vs. SNK (USA),卡普空对SNK(美版)
Capcom vs. SNK - Millennium Fight 2000 (Japan),卡普空对SNK-千禧格斗2000(日版)
Capcom vs. SNK - Millennium Fight 2000 (Japan) (Rev A),卡普空对SNK-千禧格斗2000(日版)(版本A)
Capcom vs. SNK - Millennium Fight 2000 Pro (Japan),卡普空对SNK-千禧格斗2000增强版(日版)
Capcom vs. SNK 2 - Millionaire Fighting 2001 (Japan),卡普空对SNK2-百万格斗2001(日版)
Card of Destiny - Hikari to Yami no Tougousha (Japan),命运之牌-光与暗之统合者(日版)
Cardcaptor Sakura - Tomoyo no Video Daisakusen (Japan),魔卡少女樱-知世的录像大作战(日版)
"Carrier (Europe) (En,Fr,De,Es)","战栗空母(欧版)(英,法,德,西)"
Carrier (Japan),战栗空母(日版)
Carrier (USA),战栗空母(美版)
Castle Fantasia - Seima Taisen (Japan),城堡幻想曲-圣魔大战(日版)
Centipede (USA),蜈蚣(美版)
"Championship Surfer (Europe) (En,Fr,De,Es,It)","冲浪冠军(欧版)(英,法,德,西,意)"
Championship Surfer (USA),冲浪冠军(美版)
Chaos Field (Japan),混沌时空(日版)
Charge 'N Blast (Europe),异型风暴(欧版)
Charge 'N Blast (Japan),异型风暴(日版)
Charge 'N Blast (USA),异型风暴(美版)
Cherry Blossom (Japan),樱花季(日版)
"Chicken Run (Europe) (Fr,De,Es,It)","小鸡快跑(欧版)(法,德,西,意)"
Chicken Run (UK),小鸡快跑(英版)
Chicken Run (USA),小鸡快跑(美版)
Chocolat - Maid Cafe Curio (Japan),古董咖啡屋(日版)
Chou Hatsumei Boy Kanipan - Bousou Robot no Nazo! (Japan),超级男孩发明家-失控机器人之谜(日版)
Choukou Senki Kikaioh (Japan),超钢战记(日版)
Choukou Senki Kikaioh for Matching Service (Japan),超钢战记-通信对战(日版)
Christmas Seaman - Omoi o Tsutaeru Mou Hitotsu no Houhou (Japan) (Message Disc),人面鱼圣诞节-传达心意的方法(日版)
Christmas Seaman - Omoi o Tsutaeru Mou Hitotsu no Houhou (Japan) (Present Disc),人面鱼圣诞节-传达心意的方法(日版)
Chu-Chu Rocket! (Japan),啾啾火箭队(日版)
"ChuChu Rocket! (Europe) (En,Ja,Fr,De,Es)","啾啾火箭队(欧版)(英,日,法,德,西)"
"ChuChu Rocket! (USA) (En,Ja,Fr,De,Es)","啾啾火箭队(美版)(英,日,法,德,西)"
Cleopatra Fortune (Japan) (Rev A),埃及女王的财宝(日版)(版本A)
Climax Landers (Japan),秘境魔宝英雄会(日版)
Close To - Inori no Oka (Japan),闭上眼-祈祷之丘(日版)
Coaster Works (Europe),过山车大亨(欧版)
Coaster Works (USA),过山车大亨(美版)
Comic Party (Japan) (Disc 1),漫画聚会(日版)(碟1)
Comic Party (Japan) (Disc 2),漫画聚会(日版)(碟2)
"Confidential Mission (Europe) (En,Ja,Fr,De,Es)","机密任务(欧版)(英,日,法,德,西)"
"Confidential Mission (Japan) (En,Ja,Fr,De,Es)","机密任务(日版)(英,日,法,德,西)"
Confidential Mission (USA),机密任务(美版)
"Conflict Zone (Europe) (En,Fr,De)","战争启示录(欧版)(英,法,德)"
Conflict Zone (USA),战争启示录(美版)
Cool Boarders Burrrn! (Japan),劲爆滑雪-燃烧(日版)
Cool Cool Toon (Japan),酷酷世界(日版)
Cosmic Smash (Japan),壁球砖块(日版)
Crazy Taxi (Europe),疯狂出租车(欧版)
Crazy Taxi (Japan),疯狂出租车(日版)
Crazy Taxi (USA),疯狂出租车(美版)
"Crazy Taxi 2 (Europe) (En,Ja,Fr,De,Es)","疯狂出租车2(欧版)(英,日,法,德,西)"
"Crazy Taxi 2 (Japan) (En,Ja)","疯狂出租车2(日版)(英,日)"
Crazy Taxi 2 (USA),疯狂出租车2(美版)
Culdcept II (Japan),卡片召唤师2(日版)
Cyber Troopers - Virtual-On - Oratorio Tangram (USA),电脑战机-网络战队(美版)
D+Vine [Luv] (Japan),神爱物语(日版)
D2 (USA) (Disc 1),D之食卓2(美版)(碟1)
D2 (USA) (Disc 2),D之食卓2(美版)(碟2)
D2 (USA) (Disc 3),D之食卓2(美版)(碟3)
D2 (USA) (Disc 4),D之食卓2(美版)(碟4)
D2 - D no Shokutaku 2 (Japan) (Disc 1),D之食卓2(日版)(碟1)
D2 - D no Shokutaku 2 (Japan) (Disc 2),D之食卓2(日版)(碟2)
D2 - D no Shokutaku 2 (Japan) (Disc 3),D之食卓2(日版)(碟3)
D2 - D no Shokutaku 2 (Japan) (Disc 4),D之食卓2(日版)(碟4)
Dabi Tsuku - Derby-ba o Tsukurou! (Japan),德比赛马-赛马场制造(日版)
Dabi Tsuku 2 (Japan),德比赛马2(日版)
Dance Dance Revolution - Club Version - Dreamcast Edition (Japan),劲舞革命-Club版(日版)
Dance Dance Revolution 2nd Mix - Dreamcast Edition (Japan),劲舞革命2(日版)
Dancing Blade Katte ni Momotenshi II - Tears of Eden Kanzenban (Japan) (Disc 1),任性桃天使2-伊甸之泪(日版)(碟1)
Dancing Blade Katte ni Momotenshi II - Tears of Eden Kanzenban (Japan) (Disc 2),任性桃天使2-伊甸之泪(日版)(碟2)
Dancing Blade Katte ni Momotenshi! Kanzenban (Japan) (Disc 1),任性桃天使-完全版(日版)(碟1)
Dancing Blade Katte ni Momotenshi! Kanzenban (Japan) (Disc 2),任性桃天使-完全版(日版)(碟2)
Dave Mirra Freestyle BMX (Europe),BMX特技自行车(欧版)
Dave Mirra Freestyle BMX (USA),BMX特技自行车(美版)
Daytona USA (USA),梦游美国(美版)
"Daytona USA 2001 (Europe) (En,Fr,De,Es)","梦游美国2001(欧版)(英,法,德,西)"
Daytona USA 2001 (Japan),梦游美国2001(日版)
"De La Jet Set Radio (Japan) (En,Ja,Fr,De,Es)","街头涂鸦-加强版(日版)(英,日,法,德,西)"
Dead or Alive 2 (Europe),生或死2(欧版)
Dead or Alive 2 (Japan),生或死2(日版)
Dead or Alive 2 (Japan) (Shokai Genteiban),生或死2(日版)(初回限定版)
Dead or Alive 2 (USA),生或死2(美版)
"Deadly Skies (Europe) (En,Fr,De,Es,It)","致命的天空(欧版)(英,法,德,西,意)"
Death Crimson 2 (Japan),死亡之枪2(日版)
Death Crimson OX (Japan),死亡火枪OX(日版)
Death Crimson OX (USA),死亡火枪OX(美版)
"Deep Fighter (Europe) (En,It) (Disc 1)","深海战将(欧版)(英,意)(碟1)"
"Deep Fighter (Europe) (En,It) (Disc 2)","深海战将(欧版)(英,意)(碟2)"
Deep Fighter (France) (Disc 1),深海战将(法国)(碟1)
Deep Fighter (France) (Disc 2),深海战将(法国)(碟2)
Deep Fighter (Germany) (Disc 1),深海战将(德国)(碟1)
Deep Fighter (Germany) (Disc 2),深海战将(德国)(碟2)
Deep Fighter (USA) (Disc 1),深海战将(美版)(碟1)
Deep Fighter (USA) (Disc 2),深海战将(美版)(碟2)
Demolition Racer - No Exit (USA),毁灭赛车-无处脱离(美版)
Dengen Tenshi Taisen Mahjong Shangri-La (Japan),电幻天使对战麻雀(日版)
Dennou Senki - Virtual-On - Oratorio Tangram (Japan),电脑战机-网络战队(日版)
Denpa Shounen-teki Kenshou Seikatsu Soft - Nasubi no Heya (Japan),电波少年-悬赏生活(日版)
Densha de Go! 2 - Kousoku-hen 3000 Bandai (Japan),电车GO2-高速编3000番台(日版)
Di Gi Charat Fantasy (Japan),仲夏夜之梦(日版)
Digital Keiba Shinbun - My Trackman (Japan),电子赛马新闻-我的骑师(日版)
Dino Crisis (Europe),恐龙危机(欧版)
Dino Crisis (France),恐龙危机(法国)
Dino Crisis (Germany),恐龙危机(德国)
Dino Crisis (Italy),恐龙危机(意大利)
Dino Crisis (Japan),恐龙危机(日版)
Dino Crisis (Spain),恐龙危机(西班牙)
Dino Crisis (USA),恐龙危机(美版)
"Disney's 102 Dalmatians - Puppies to the Rescue (Europe) (Fr,De,Es,It)","迪斯尼102斑点狗-小狗救援(欧版)(法,德,西,意)"
Disney's 102 Dalmatians - Puppies to the Rescue (USA),迪斯尼102斑点狗-小狗救援(美版)
"Disney's Dinosaur (Europe) (En,Fr,De,Es,It)","迪士尼的恐龙(欧版)(英,法,德,西,意)"
Disney's Dinosaur (USA),迪士尼的恐龙(美版)
Disney's Donald Duck - Goin' Quackers (USA),迪士尼唐老鸭(美版)
"Disney's Donald Duck - Quack Attack (Europe) (En,Fr,De,Es,It)","迪士尼唐老鸭大冒险-嘎嘎攻击(欧版)(英,法,德,西,意)"
Disney-Pixar Buzz Lightyear of Star Command (Europe),迪士尼皮克斯-星际总动员-巴兹光年(欧版)
Disney-Pixar Buzz Lightyear of Star Command (USA),迪士尼皮克斯-星际总动员-巴兹光年(美版)
Disney-Pixar Captain Buzz Lightyear - Star Command (Germany),迪士尼皮克斯-巴兹光年-星际指挥官(德国)
Disney-Pixar Les Aventures de Buzz L'Eclair (France),迪士尼皮克斯-巴斯光年的冒险(法国)
Disney-Pixar Toy Story 2 - Buzz Lightyear eilt zur Hilfe! (Germany),迪士尼皮克斯-玩具总动员2-巴兹光年救援行动(德国)
Disney-Pixar Toy Story 2 - Buzz Lightyear to the Rescue! (Europe),迪士尼皮克斯-玩具总动员2-巴兹光年救援行动(欧版)
Disney-Pixar Toy Story 2 - Buzz Lightyear to the Rescue! (USA),迪士尼皮克斯-玩具总动员2-巴兹光年救援行动(美版)
Disney-Pixar Toy Story 2 - Buzz l'Eclair a la Rescousse! (France),迪士尼皮克斯-玩具总动员2-巴兹光年救援行动(法国)
Doguu Senki - Haou (Japan),霸王战记(日版)
Doki Doki Idol Star Seeker Remix (Japan),心跳心跳-偶像明星(日版)
Dousoukai 2 - Again & Refrain (Japan),同窗会2-再临与重现(日版)
Draconus - Cult of the Wyrm (USA),神教游击队-巨龙崇拜(美版)
Dragon Riders - Chronicles of Pern (Europe),龙骑士-历代记(欧版)
Dragon Riders - Chronicles of Pern (USA),龙骑士-历代记(美版)
"Dragons Blood (Europe) (En,Fr,De)","龙之血(欧版)(英,法,德)"
"Ducati World (Europe) (En,Fr,De,It)","杜卡迪摩托世界(欧版)(英,法,德,意)"
Ducati World - Racing Challenge (USA),杜卡迪摩托世界-竞速挑战(美版)
Dynamite Cop (Europe),快打刑事(欧版)
Dynamite Cop! (USA),快打刑事(美版)
Dynamite Deka 2 (Japan),快打刑事2(日版)
ECW Anarchy Rulz (Europe),ECW混沌摔角(欧版)
ECW Anarchy Rulz (USA),ECW混沌摔角(美版)
ECW Hardcore Revolution (Europe),全美职业摔跤(欧版)
ECW Hardcore Revolution (Germany),全美职业摔跤(德国)
ECW Hardcore Revolution (USA),全美职业摔跤(美版)
"ESPN International Track & Field (Europe) (En,Fr,De)","ESPN夏季运动会(欧版)(英,法,德)"
ESPN International Track & Field (USA),ESPN夏季运动会(美版)
ESPN NBA 2Night (USA),ESPN美国职业篮球联赛-第二夜(美版)
"Ecco the Dolphin - Defender of the Future (Europe) (En,Fr,De,Es)","海豚-未来捍卫者(欧版)(英,法,德,西)"
Ecco the Dolphin - Defender of the Future (Japan),海豚-未来捍卫者(日版)
"Ecco the Dolphin - Defender of the Future (USA) (En,Fr,De,Es)","海豚-未来捍卫者(美版)(英,法,德,西)"
Eisei Meijin III - Game Creator Yoshimura Nobuhiro no Zunou (Japan),永世名人3-游戏制作人野田佳彦(日版)
Eldorado Gate Dai-1-kan (Japan),黄金国之门-第1卷(日版)
Eldorado Gate Dai-2-kan (Japan),黄金国之门-第2卷(日版)
Eldorado Gate Dai-3-kan (Japan),黄金国之门-第3卷(日版)
Eldorado Gate Dai-4-kan (Japan),黄金国之门-第4卷(日版)
Eldorado Gate Dai-5-kan (Japan),黄金国之门-第5卷(日版)
Eldorado Gate Dai-6-kan (Japan),黄金国之门-第6卷(日版)
Eldorado Gate Dai-7-kan (Japan),黄金国之门-第7卷(日版)
Elemental Gimmick Gear (Japan),精灵机兵(日版)
Elemental Gimmick Gear (USA),精灵机兵(美版)
Elysion - Eien no Sanctuary (Japan),永远的孤岛(日版)
Erde - Nezu no Ki no Shita de (Japan),Erde-在杜松树下(日版)
Es (Japan) (Disc 1),记忆追凶(日版)(碟1)
Es (Japan) (Disc 2),记忆追凶(日版)(碟2)
Es (Japan) (Disc 3),记忆追凶(日版)(碟3)
Espion-Age-nts (Japan),谍报大作战(日版)
Eternal Arcadia (Japan) (Disc 1),永恒的阿卡迪亚(日版)(碟1)
Eternal Arcadia (Japan) (Disc 2),永恒的阿卡迪亚(日版)(碟2)
"European Super League (Europe) (En,Fr,De,Es,It,Pt)","欧洲杯超级足球联赛(欧版)(英,法,德,西,意,葡)"
Eve Zero Kanzenban - Ark of the Matter (Japan) (Disc 1),夜行侦探零-方舟物质(日版)(碟1)
Eve Zero Kanzenban - Ark of the Matter (Japan) (Disc 2),夜行侦探零-方舟物质(日版)(碟2)
Ever 17 - The Out of Infinity (Japan),时空轮回-时光的羁绊(日版)
Ever 17 - The Out of Infinity - Premium Edition (Japan),时空轮回-时光的羁绊-白金版(日版)
Evil Dead - Hail to the King (Europe),恶魔之死国王万岁(欧版)
Evil Dead - Hail to the King (France),恶魔之死国王万岁(法国)
Evil Dead - Hail to the King (USA),恶魔之死国王万岁(美版)
"Evil Twin - Cyprien's Chronicles (Europe) (En,Fr)","邪恶双子(欧版)(英,法)"
"Evil Twin - Cyprien's Chronicles (Europe) (En,Fr,De,Es,It)","邪恶双子(欧版)(英,法,德,西,意)"
Evolution - The World of Sacred Device (Europe),进化-神机世界(欧版)
Evolution - The World of Sacred Device (USA),进化-神机世界(美版)
Evolution 2 - Far Off Promise (Europe),进化2-遥远的约定(欧版)
Evolution 2 - Far Off Promise (USA),进化2-遥远的约定(美版)
"Exhibition of Speed (Europe) (En,Fr,De,Es,It,Nl)","速度演示(欧版)(英,法,德,西,意,荷)"
Exodus Guilty Neos (Japan),超时空之旅-Neos(日版)
"Expendable (USA) (En,Fr,De,Es,It)","敢死队(美版)(英,法,德,西,意)"
"F1 Racing Championship (Europe) (En,Fr,De,Es,It)","F1赛车锦标赛(欧版)(英,法,德,西,意)"
"F1 World Grand Prix (Europe) (En,Fr,De,Es)","F1世界锦标赛(欧版)(英,法,德,西)"
"F1 World Grand Prix (USA) (En,Fr,De,Es)","F1世界锦标赛(美版)(英,法,德,西)"
"F1 World Grand Prix II for Dreamcast (Europe) (En,Fr,De,Es,It)","F1世界锦标赛2(欧版)(英,法,德,西,意)"
F1 World Grand Prix II for Dreamcast (Japan),F1世界锦标赛2(日版)
F1 World Grand Prix for Dreamcast (Japan),F1世界锦标赛(日版)
F1 World Grand Prix for Dreamcast (Japan) (Rev A),F1世界锦标赛(日版)(版本A)
F355 Challenge (Japan),法拉利F355挑战赛(日版)
"F355 Challenge - Passione Rossa (Europe) (En,Fr,De,Es,It)","法拉利F355挑战赛-热情红(欧版)(英,法,德,西,意)"
F355 Challenge - Passione Rossa (USA),法拉利F355挑战赛-热情红(美版)
Fatal Fury - Mark of the Wolves (USA),饿狼传说-狼之印记(美版)
"Fighting Force 2 (Europe) (En,Fr)","格斗力量2(欧版)(英,法)"
Fighting Force 2 (Germany),格斗力量2(德国)
Fighting Force 2 (USA),格斗力量2(美版)
Fighting Force 2 (USA) (Rev A),格斗力量2(美版)(版本A)
"Fighting Vipers 2 (Europe) (En,Ja,Fr,De,Es,It)","格斗之蛇2(欧版)(英,日,法,德,西,意)"
"Fighting Vipers 2 (Japan) (En,Ja)","格斗之蛇2(日版)(英,日)"
Fire Pro Wrestling D (Japan),职业摔角联盟-斗魂烈传(日版)
First Kiss Story (Japan) (Disc 1),初吻物语(日版)(碟1)
First Kiss Story (Japan) (Disc 2),初吻物语(日版)(碟2)
First Kiss Story II - Anata ga Iru kara (Japan) (Disc 1),初吻物语2-引文有你在(日版)(碟1)
First Kiss Story II - Anata ga Iru kara (Japan) (Disc 2),初吻物语2-引文有你在(日版)(碟2)
Fish Eyes + Wild (Japan),鱼眼+荒野(日版)
Flag to Flag (USA),卡特赛车(美版)
Floigan Bros. - Episode 1 (Europe),弗罗刚兄弟-第一章(欧版)
Floigan Bros. - Episode 1 (USA),弗罗刚兄弟-第一章(美版)
For Symphony - With All One's Heart (Japan),心之交响曲-系于一心(日版)
Fragrance Tale (Japan),迷幻战记(日版)
Frame Gride (Japan),甲胄巨神(日版)
Freestyle Scooter (Europe),自由滑板车(欧版)
Frogger 2 - Swampy's Revenge (USA),蛙过河2-沼泽复仇记(美版)
"Fur Fighters (Europe) (En,Fr,De,Es)","毛皮斗士(欧版)(英,法,德,西)"
"Fur Fighters (USA) (En,Fr,De,Es) (Rev B)","毛皮斗士(美版)(英,法,德,西)(版本B)"
Fushigi no Dungeon - Fuurai no Shiren Gaiden - Onna Kenshi Asuka Kenzan! (Japan),不可思议的迷宫-风来西林外传-女剑士飞鸟见参(日版)
GK - Giant Killers (Europe),巨人杀手(欧版)
GaiaMaster - Kessen! Seiki-ou Densetsu (Japan),诸神之战世纪王传说(日版)
Gakkyuu-ou Yamazaki - Yamazaki Oukoku Daifunsou! (Japan),学级王山崎-山崎王国大纷争(日版)
Ganbare! Nippon! Olympic 2000 (Japan),怪物联盟(日版)
Garou - Mark of the Wolves (Japan),饿狼传说-狼之印记(日版)
"Gauntlet Legends (Europe) (En,Fr,De)","圣铠传说(欧版)(英,法,德)"
Gauntlet Legends (USA),圣铠传说(美版)
Get Bass (Japan),巴斯钓鱼(日版)
Get Bass 2 (Japan),巴斯钓鱼2(日版)
Get!! Colonies (Japan),抢占殖民地(日版)
Giant Gram - Zen Nihon Pro Wres 2 in Nihon Budoukan (Japan),全日本摔角2(日版)
Giant Gram 2000 - Zen Nihon Pro Wres 3 Eikou no Yuusha-tachi (Japan),全日本摔角3(日版)
GigaWing (Europe),雷鸟之翼(欧版)
GigaWing (Japan),雷鸟之翼(日版)
GigaWing (USA),雷鸟之翼(美版)
GigaWing 2 (Japan),雷鸟之翼2(日版)
GigaWing 2 (USA),雷鸟之翼2(美版)
Godzilla Generations (Japan),哥斯拉新世代(日版)
Godzilla Generations - Maximum Impact (Japan),哥斯拉新世代-极限冲击(日版)
Golem no Maigo (Japan),引入魔偶(日版)
Golf Shiyou yo (Japan) (Rev A),高尔夫大进击(日版)(版本A)
Golf Shiyou yo (Japan) (Rev B),高尔夫大进击(日版)(版本B)
Golf Shiyou yo - Course Data-shuu - Adventure-hen (Japan),高尔夫大进击-特别篇(日版)
Golf Shiyou yo 2 - Aratanaru Chousen (Japan),高尔夫大进击2-新的挑战(日版)
"Grand Theft Auto 2 (Europe) (En,Fr,De,Es,It)","侠盗猎车手2(欧版)(英,法,德,西,意)"
Grand Theft Auto 2 (France),侠盗猎车手2(法国)
Grand Theft Auto 2 (USA),侠盗猎车手2(美版)
Grandia II (Europe),格兰蒂亚2(欧版)
Grandia II (Japan),格兰蒂亚2(日版)
Grandia II (USA),格兰蒂亚2(美版)
"Grinch, The (Europe) (En,Fr,De,Es,It)","鬼灵精(欧版)(英,法,德,西,意)"
"Grinch, The (USA) (En,Fr,Es)","鬼灵精(美版)(英,法,西)"
Guilty Gear X (Japan) (Rev A),吉他英雄X(日版)(版本A)
Gunbird 2 (Europe),武装飞鸟2(欧版)
Gunbird 2 (Japan),武装飞鸟2(日版)
Gunbird 2 (USA),武装飞鸟2(美版)
Gundam Battle Online (Japan),高达战斗-在线(日版)
Gundam Side Story 0079 - Rise from the Ashes (Japan),高达外传0079-灰烬中崛起(日版)
Gundam Side Story 0079 - Rise from the Ashes (USA),高达外传0079-灰烬中崛起(美版)
Gundam Side Story 0079 - Rise from the Ashes - Special Edition (Japan),高达外传0079-灰烬中崛起-特别版(日版)
Gunspike (Japan),炮弹格斗(日版)
Guru Guru Onsen 2 (Japan),咕噜咕噜温泉2(日版)
Guru Guru Onsen 3 (Japan),咕噜咕噜温泉3(日版)
Happy Breeding (Japan),快乐教养-开心派对(日版)
Happy Lesson (Japan),快乐课程(日版)
Harusame Youbi (Japan),春雨曜日(日版)
"Headhunter (Europe) (En,Fr,De,Es) (Disc 1)","猎头者(欧版)(英,法,德,西)(碟1)"
"Headhunter (Europe) (En,Fr,De,Es) (Disc 2)","猎头者(欧版)(英,法,德,西)(碟2)"
"Heavy Metal - Geomatrix (Europe) (En,Fr,De,Es)","重金属格斗(欧版)(英,法,德,西)"
Heavy Metal - Geomatrix (Japan),重金属格斗(日版)
Heavy Metal - Geomatrix (USA),重金属格斗(美版)
Heisei Mahjong-sou (Japan),平成麻雀庄(日版)
Hello Kitty no Garden Panic (Japan),凯蒂猫的花园恐慌(日版)
Hello Kitty no Lovely Fruit Park (Japan),凯蒂猫的可爱果园(日版)
Hello Kitty no Magical Block (Japan),凯蒂猫的魔法积木(日版)
Hello Kitty no Otonaru Mail (Japan),凯蒂猫的邻近邮件(日版)
Hello Kitty no Waku Waku Cookies (Japan),凯蒂猫的欢乐饼干(日版)
"Hidden & Dangerous (Europe) (En,Fr,De,Es)","危机四伏(欧版)(英,法,德,西)"
Hidden & Dangerous (USA),危机四伏(美版)
Himitsu - Yui ga Ita Natsu (Japan),秘密-有唯在的夏天(日版)
"House of the Dead 2, The (Europe) (En,Fr,De,Es)","死亡之屋2(欧版)(英,法,德,西)"
"House of the Dead 2, The (Japan)",死亡之屋2(日版)
"House of the Dead 2, The (Japan) (Rev A)",死亡之屋2(日版)(版本A)
"House of the Dead 2, The (Japan) (Rev B)",死亡之屋2(日版)(版本B)
"House of the Dead 2, The (USA)",死亡之屋2(美版)
Hoyle Casino (USA),霍伊尔赌场(美版)
Hundred Swords (Japan),百人之剑(日版)
Hydro Thunder (Europe),雷霆快艇(欧版)
Hydro Thunder (USA),雷霆快艇(美版)
Hydro Thunder (USA) (Rev 1),雷霆快艇(美版)(版本1)
Idol Janshi o Tsukucchaou (Japan),偶像美少女雀士(日版)
Ikaruga (Japan),斑鸠(日版)
"Illbleed (Japan) (En,Ja)","病血(日版)(英,日)"
Illbleed (Taiwan),病血(台版)
Illbleed (USA),病血(美版)
Imperial no Taka - Fighter of Zero (Japan),帝国之鹰-零式战机(日版)
"Incoming (Europe) (En,Fr,De,Es,It)","人类最终决战(欧版)(英,法,德,西,意)"
Incoming (USA),人类最终决战(美版)
Incoming - Jinrui Saishuu Kessen (Japan),人类最终决战(日版)
Industrial Spy - Operation Espionage (USA),间谍工厂-潜入操作(美版)
Inoue Ryouko - Last Scene (Japan),井上龙子-最后一幕(日版)
Inoue Ryouko - Roommate (Japan),井上龙子-室友(日版)
Interlude (Japan),间奏曲(日版)
Iris (Japan),鸢尾花物语(日版)
Iron Aces (Europe),铁血王牌(欧版)
Iron Aces (USA),铁血王牌(美版)
Izumo (Japan),出云战记(日版)
J.League Pro Soccer Club o Tsukurou! (Japan),J联盟专业足球俱乐部(日版)
J.League Spectacle Soccer (Japan),J联盟足球(日版)
Jahmong (Japan),声音辨识麻将(日版)
"Jeremy McGrath Supercross 2000 (Europe) (En,Fr,De)","杰里米麦格拉思超级越野摩托赛2000(欧版)(英,法,德)"
Jeremy McGrath Supercross 2000 (USA),杰里米麦格拉思超级越野摩托赛2000(美版)
Jet Coaster Dream (Japan),梦幻云霄飞车(日版)
Jet Coaster Dream 2 (Japan),梦幻云霄飞车2(日版)
Jet Grind Radio (USA),街头涂鸦(美版)
"Jet Set Radio (Europe) (En,Fr,De,Es)","街头涂鸦(欧版)(英,法,德,西)"
Jet Set Radio (Japan),街头涂鸦(日版)
Jikkyou Powerful Pro Yakyuu - Dreamcast Edition (Japan),实况力量职业棒球(日版)
"Jimmy White's 2 - Cueball (Europe) (En,Fr,De,Es,It)","吉米撞球(欧版)(英,法,德,西,意)"
Jinsei Game for Dreamcast (Japan),游戏人生(日版)
Jissen Pachi-Slot Hisshouhou! @ VP@CHI - Kongdom (Japan),实战柏青嫂必胜法(日版)
JoJo's Bizarre Adventure (Europe),乔乔的奇妙冒险(欧版)
JoJo's Bizarre Adventure (USA),乔乔的奇妙冒险(美版)
Jojo no Kimyou na Bouken - Mirai e no Isan (Japan),乔乔的奇妙冒险-未来遗产(日版)
Jojo no Kimyou na Bouken - Mirai e no Isan for Matching Service (Japan),乔乔的奇妙冒险-未来遗产-通信对战(日版)
July (Japan),七月(日版)
July (Japan) (Rev A),七月(日版)(版本A)
KISS Psycho Circus - The Nightmare Child (Europe),变态马戏团-噩梦男孩(欧版)
KISS Psycho Circus - The Nightmare Child (USA),变态马戏团-噩梦男孩(美版)
Kaen Seibo - The Virgin on Megiddo (Japan) (Disc 1),火焰圣母-米吉多圣女(日版)(碟1)
Kaen Seibo - The Virgin on Megiddo (Japan) (Disc 2),火焰圣母-米吉多圣女(日版)(碟2)
Kaitou Apricot (Japan),杏仁怪盗(日版)
Kanon (Japan),雪之少女(日版)
"Kao the Kangaroo (Europe) (En,Fr,De,Es,It)","袋鼠闯关(欧版)(英,法,德,西,意)"
"Kao the Kangaroo (USA) (En,Es)","袋鼠闯关(美版)(英,西)"
Karous (Japan),羽(日版)
Kaze no Uta (Japan),风之歌(日版)
Kidou Senkan Nadesico - Nadesico the Mission (Japan),机动战舰-大和抚子(日版)
Kidou Senshi Gundam - Gihren no Yabou - Zeon no Keifu (Japan) (Disc 1) (Earth Federation Disc),机动战士高达-基连之野望-吉恩的系谱(日版)(碟1)
Kidou Senshi Gundam - Gihren no Yabou - Zeon no Keifu (Japan) (Disc 2) (Zeon Disc),机动战士高达-基连之野望-吉恩的系谱(日版)(碟2)
Kidou Senshi Gundam - Renpou vs. Zeon & DX (Japan) (Disc 1) (Kidou Senshi Gundam - Renpou vs. Zeon),机动战士高达-联邦对吉恩(日版)(碟1)
Kidou Senshi Gundam - Renpou vs. Zeon & DX (Japan) (Disc 2) (Kidou Senshi Gundam - Renpou vs. Zeon DX),机动战士高达-联邦对吉恩(日版)(碟2)
Kimi ga Nozomu Eien (Japan),君望到永远(日版)
Kindan no Pet - Seaman - Gasse Hakase no Jikken-tou (Japan),人面鱼-禁断的宠物(日版)
Kindan no Pet - Seaman - Gasse Hakase no Jikken-tou (Japan) (2001-nen Taiouban) (Rev A),人面鱼-禁断的宠物(日版)(版本A)
Kindan no Pet - Seaman - Gasse Hakase no Jikken-tou (Japan) (Rev A),人面鱼-禁断的宠物(日版)(版本A)
"King of Fighters '99, The - Evolution (Japan)",拳皇99-进化(日版)
"King of Fighters 2000, The (Japan)",拳皇2000(日版)
"King of Fighters 2001, The (Japan)",拳皇2001(日版)
"King of Fighters 2002, The (Japan) (En,Ja)","拳皇2002(日版)(英,日)"
"King of Fighters, The - Dream Match 1999 (Japan) (En,Ja,Es,Pt)","拳皇-梦幻对决1999(日版)(英,日,西,葡)"
"King of Fighters, The - Dream Match 1999 (USA) (En,Ja,Es,Pt)","拳皇-梦幻对决1999(美版)(英,日,西,葡)"
"King of Fighters, The - Evolution (USA) (En,Ja,Es,Pt)","拳皇-进化(美版)(英,日,西,葡)"
Kita e. Photo Memories (Japan),向北-回忆之相片(日版)
Kita e. White Illumination (Japan),向北-白色恋曲(日版)
Kitahei Gold (Japan),黄金将棋(日版)
Kiteretsu Boy's Gangagan (Japan),机天烈少年(日版)
Konohana - True Report (Japan),此花-真相报告(日版)
Konohana 2 - Todokanai Requiem (Japan),此花2-无法传达的镇魂曲(日版)
Kuon no Kizuna - Sairinshou (Japan),久远之绊-再临诏(日版)
Kuon no Kizuna - Sairinshou (Japan) (Rev A),久远之绊-再临诏(日版)(版本A)
L.O.L. - Lack of Love (Japan),L.O.L.-失爱的抓狂(日版)
Lake Masters Pro - Dreamcast Plus! (Japan),湖钓之王(日版)
Langrisser Millennium (Japan),梦幻模拟战之千年纪(日版)
"Last Blade 2, The - Heart of the Samurai (USA)",月华之剑士2(美版)
"Le Mans 24 Hours (Europe) (En,Fr,De,Es,It)","勒芒24小时耐力赛(欧版)(英,法,德,西,意)"
Le Mans 24 Hours (Japan),勒芒24小时耐力赛(日版)
Legacy of Kain - Soul Reaver (Europe),凯恩的遗物-勾魂使者(欧版)
Legacy of Kain - Soul Reaver (France),凯恩的遗物-勾魂使者(法国)
Legacy of Kain - Soul Reaver (Germany),凯恩的遗物-勾魂使者(德国)
Legacy of Kain - Soul Reaver (Italy),凯恩的遗物-勾魂使者(意大利)
Legacy of Kain - Soul Reaver (Spain),凯恩的遗物-勾魂使者(西班牙)
Legacy of Kain - Soul Reaver (USA),凯恩的遗物-勾魂使者(美版)
"Looney Tunes - Space Race (Europe) (En,Fr,De,Es,It,Nl)","华纳卡通大赛车(欧版)(英,法,德,西,意,荷)"
"Looney Tunes - Space Race (USA) (En,Fr,Es)","华纳卡通大赛车(美版)(英,法,西)"
Love Hina - Smile Again (Japan),纯情房东俏房客2(日版)
Love Hina - Totsuzen no Engage Happening (Japan),纯情房东俏房客(日版)
"MDK2 (Europe) (En,Fr,De,Es,It)","孤胆英雄2(欧版)(英,法,德,西,意)"
MDK2 (USA),孤胆英雄2(美版)
"MSR - Metropolis Street Racer (Europe) (En,Fr,De,Es)","MSR大都市赛车(欧版)(英,法,德,西)"
"MSR - Metropolis Street Racer (Europe) (En,Fr,De,Es) (Rev A)","MSR大都市赛车(欧版)(英,法,德,西)(版本A)"
"MSR - Metropolis Street Racer (Europe) (En,Fr,De,Es) (Rev B)","MSR大都市赛车(欧版)(英,法,德,西)(版本B)"
MSR - Metropolis Street Racer (USA) (Rev A),MSR大都市赛车(美版)(版本A)
MTV Sports - Skateboarding featuring Andy Macdonald (Europe),MTV体育频道-滑板高手(欧版)
MTV Sports - Skateboarding featuring Andy Macdonald (USA),MTV体育频道-滑板高手(美版)
Maboroshi Tsukiyo (Japan),虚幻的夜色(日版)
Macross M3 (Japan),超时空要塞M3(日版)
"MagForce Racing (Europe) (En,Fr,De,Es,It)","梅格大赛车(欧版)(英,法,德,西,意)"
"MagForce Racing (USA) (En,Fr,De,Es,It)","梅格大赛车(美版)(英,法,德,西,意)"
Magic - The Gathering (Japan),魔法风云会(日版)
Mahjong Taikai II Special (Japan),麻雀大会2特别版v1.1(日版)
Majo no Ocha-kai (Japan),魔女茶会(日版)
"Maken X (Europe) (En,Fr,De,Es)","魔剑X(欧版)(英,法,德,西)"
Maken X (Japan),魔剑X(日版)
Maken X (USA),魔剑X(美版)
Margi - Marginal (Japan),白色洋馆-遥久的约定(日版)
Marie & Elie no Atelier - Salburg no Renkinjutsushi 1 & 2 (Japan) (Game Disc),炼金术士玛莉与艾莉1&2(日版)(游戏碟)
Marie & Elie no Atelier - Salburg no Renkinjutsushi 1 & 2 (Japan) (Game Disc) (Rev A),炼金术士玛莉与艾莉1&2(日版)(游戏碟)(版本A)
Marionette Company (Japan),人偶情缘(日版)
Marionette Company 2 Chu! (Japan),人偶情缘2(日版)
Marionette Handler (Japan),人形机兵(日版)
Marionette Handler 2 (Japan),人形机兵2(日版)
"Mars Matrix (Japan) (En,Ja)","火星矩阵(日版)(英,日)"
Mars Matrix (USA),火星矩阵(美版)
Marvel vs. Capcom - Clash of Super Heroes (Europe),超级漫画英雄vs卡普空-超级英雄的碰撞(欧版)
Marvel vs. Capcom - Clash of Super Heroes (Japan),超级漫画英雄vs卡普空-超级英雄的碰撞(日版)
Marvel vs. Capcom - Clash of Super Heroes (USA),超级漫画英雄vs卡普空-超级英雄的碰撞(美版)
Marvel vs. Capcom 2 (USA),超级漫画英雄vs卡普空2(美版)
Marvel vs. Capcom 2 - New Age of Heroes (Europe),漫威VS卡普空2-英雄新时代(欧版)
Marvel vs. Capcom 2 - New Age of Heroes (Japan),漫威VS卡普空2-英雄新时代(日版)
Mat Hoffman's Pro BMX (USA),BMX专业特技脚踏车(美版)
Max Steel - Covert Missions (USA),钢铁骑士-隐秘任务(美版)
Maximum Pool (USA),超级桌球(美版)
Mei Puru (Japan),机械女佣梅(日版)
Memories Off 2nd (Japan),秋之回忆2(日版)
Memories Off Complete (Japan),秋之回忆-完全版(日版)
Mercurius Pretty - End of the Century (Japan),妖精美少女-世纪之末(日版)
Metal Wolf (Japan),金属苍狼(日版)
Midway's Greatest Arcade Hits - Volume 1 (Europe),Midway经典街机游戏合集-卷1(欧版)
Midway's Greatest Arcade Hits - Volume 1 (USA),Midway经典街机游戏合集-卷1(美版)
Midway's Greatest Arcade Hits - Volume 2 (USA),Midway经典街机游戏合集-卷2(美版)
Milky Season (Japan),乳白色季节(日版)
"Millennium Soldier - Expendable (Europe) (En,Fr,De,Es,It)","生体兵器-敢死队(欧版)(英,法,德,西,意)"
Miss Moonlight (Japan),月光小姐(日版)
Missing Parts - The Tantei Stories (Japan),消失的证据-侦探故事(日版)
Missing Parts 2 - The Tantei Stories (Japan),消失的证据2-侦探故事(日版)
Missing Parts 3 - The Tantei Stories (Japan),消失的证据3-侦探故事(日版)
Mizuiro (Japan),水色(日版)
"MoHo (Europe) (En,Fr,De)","电光火石(欧版)(英,法,德)"
Moekan (Japan),萌娘商社(日版)
Moero! Justice Gakuen (Japan),燃烧吧-私立正义学院(日版)
Monaco Grand Prix (USA),摩纳哥大奖赛(美版)
Monaco Grand Prix Racing Simulation 2 (Japan),摩纳哥大奖赛-模拟赛车2(日版)
Morita no Saikyou Reversi (Japan),森田的最强黑白棋(日版)
Morita no Saikyou Shougi (Japan),森田的最强将棋(日版)
Mortal Kombat Gold (Europe),真人快打黄金版(欧版)
Mortal Kombat Gold (USA),真人快打黄金版(美版)
Mortal Kombat Gold (USA) (Rev 1),真人快打黄金版(美版)(版本1)
Motto Pro Yakyuu Team o Tsukurou! (Japan) (Rev A),Motto职业棒球竞技场(日版)(版本A)
Motto Pro Yakyuu Team o Tsukurou! (Japan) (Rev B),Motto职业棒球竞技场(日版)(版本B)
"Mr. Driller (Europe) (En,Fr,De,Es,It)","钻地先生(欧版)(英,法,德,西,意)"
Mr. Driller (Japan),钻地先生(日版)
Mr. Driller (USA),钻地先生(美版)
Ms. Pac-Man Maze Madness (USA),吃豆人小姐(美版)
Musapey's Choco Marker (Japan),姆沙皮的巧克力记录(日版)
My Merry May (Japan),五月恋爱(日版)
My Merry Maybe (Japan) (Disc 1),五月恋爱物语(日版)(碟1)
My Merry Maybe (Japan) (Disc 2),五月恋爱物语(日版)(碟2)
"NBA 2K (Europe) (En,Fr,De,Es)","美国职业篮球联赛2K(欧版)(英,法,德,西)"
NBA 2K (Japan),美国职业篮球联赛2K(日版)
NBA 2K (USA),美国职业篮球联赛2K(美版)
NBA 2K1 (Japan),美国职业篮球联赛2K1(日版)
NBA 2K1 (USA),美国职业篮球联赛2K1(美版)
NBA 2K2 (Europe),美国职业篮球联赛2K2(欧版)
NBA 2K2 (Japan),美国职业篮球联赛2K2(日版)
NBA 2K2 (USA),美国职业篮球联赛2K2(美版)
"NBA Hoopz (Europe) (En,Fr,De)","美国职业篮球联赛精英(欧版)(英,法,德)"
NBA Hoopz (USA),美国职业篮球联赛精英(美版)
NBA Showtime - NBA on NBC (Europe),美国职业篮球联赛个人秀-NBC电视台(欧版)
NBA Showtime - NBA on NBC (USA),美国职业篮球联赛个人秀-NBC电视台(美版)
NCAA College Football 2K2 - Road to the Rose Bowl (USA),美国大学橄榄球联赛2K2-玫瑰碗之路(美版)
NFL 2K (Japan),美国橄榄球联盟2K(日版)
NFL 2K (USA),美国橄榄球联盟2K(美版)
NFL 2K1 (Japan),美国橄榄球联盟2K1(日版)
NFL 2K1 (USA),美国橄榄球联盟2K1(美版)
NFL 2K2 (Japan),美国橄榄球联盟2K2(日版)
NFL 2K2 (USA),美国橄榄球联盟2K2(美版)
NFL Blitz 2000 (Europe),橄榄球闪电战2000(欧版)
NFL Blitz 2000 (USA),橄榄球闪电战2000(美版)
NFL Blitz 2000 (USA) (Rev 1),橄榄球闪电战2000(美版)(版本1)
NFL Blitz 2001 (USA),橄榄球闪电战2001(美版)
NFL QB Club 2001 (USA),美国橄榄球联盟四分卫俱乐部2001(美版)
NFL Quarterback Club 2000 (Europe),美国橄榄球联盟四分卫俱乐部2000(欧版)
NFL Quarterback Club 2000 (USA),美国橄榄球联盟四分卫俱乐部2000(美版)
NHL 2K (Europe),加拿大冰球联赛2K(欧版)
NHL 2K (USA),加拿大冰球联赛2K(美版)
NHL 2K2 (Japan),北美职业冰球联赛2K2(日版)
NHL 2K2 (USA),北美职业冰球联赛2K2(美版)
Nakoruru - Ano Hito kara no Okurimono (Japan),娜可露露-给你的礼物(日版)
Namco Museum (USA),南梦宫博物馆(美版)
Nanatsu no Hikan - Senritsu no Bishou (Japan),七之秘馆-战栗的微笑(日版)
Napple Tale - Arsia in Daydream (Japan),白日梦物语(日版)
"Neo Golden Logres (Japan) (En,Ja)","新黄金弹子台(日版)(英,日)"
Neppachi - 10-ren Chan de Las Vegas Ryokou (Japan) (Rev A),小钢珠-十连抽去拉斯维加斯旅行(日版)(版本A)
Neppachi II - CR Harenchi Gakuen (Japan),小钢珠2-胡闹学院(日版)
Neppachi III - CR Dokonjou Gaeru 2 - CR Dokonjou Gaeru H (Japan),小钢珠3-无敌青蛙2-无敌青蛙H(日版)
Neppachi IV - CR Aa!! Hana no Ouendan 3 (Japan),小钢珠4-花之应援团3(日版)
Neppachi V - CR Monster House (Japan),小钢珠5-怪物屋(日版)
Neppachi VI - CR Otakara Tankentai (Japan),小钢珠6-宝藏探险(日版)
Net Versus - Chess (Japan),网络对战-象棋(日版)
Net Versus - Gomoku Narabe to Renju (Japan),网络对战-五子棋(日版)
Net Versus - Hanafuda (Japan),网络对战-花札(日版)
Net Versus - Igo (Japan),网络对战-围棋(日版)
Net Versus - Mahjong (Japan),网络对战-麻将(日版)
Net Versus - Reversi (Japan),网络对战-黑白棋(日版)
Net Versus - Shougi (Japan),网络对战-将棋(日版)
Net de Para (Japan),网络恋爱天国(日版)
Net de Tennis (Japan),热斗网球(日版)
Nettou Golf (Japan),热斗高尔夫(日版)
Never 7 - The End of Infinity (Japan),七个永恒-无尽的时光(日版)
"Next Tetris, The (Europe)",新俄罗斯方块(欧版)
"Next Tetris, The - On-Line Edition (USA)",新俄罗斯方块-在线版(美版)
"Nightmare Creatures II (Europe) (En,Fr,De,Es)","恶梦鬼魅2(欧版)(英,法,德,西)"
Nightmare Creatures II (USA),恶梦鬼魅2(美版)
Nihon Pro Mahjong Renmei Kounin - Tetsuman Menkyokaiden (Japan),日本专业麻雀连盟公认-彻万免许皆伝(日版)
Nijuuei (Japan),二重影(日版)
Nishikaze no Rhapsody - The Rhapsody of Zephyr (Japan),西风狂诗曲(日版)
Nobunaga no Yabou - Reppuuden (Japan),信长之野望-烈风传(日版)
Nobunaga no Yabou - Shouseiroku with Power-Up Kit (Japan),信长的野望-将星录-威力加强版(日版)
"Nomad Soul, The (Europe) (En,Fr,De,Es,It)","恶灵都市(欧版)(英,法,德,西,意)"
"Nomad Soul, The (France) (En,Fr,De,Es,It)","恶灵都市(法国)(英,法,德,西,意)"
"Nomad Soul, The (Germany)",恶灵都市(德国)
"Omikron - The Nomad Soul (USA) (En,Fr,De,Es,It)","恶灵都市(美版)(英,法,德,西,意)"
Omoide ni Kawaru Kimi - Memories Off (Japan),想君-秋之回忆(日版)
Ooga Booga (USA),印地小子(美版)
Oogami Ichirou Funtou-ki - Sakura Taisen Kayou Show Beni Tokage yori (Japan) (Disc 1),大神一郎奋斗记-樱花大战歌谣-红蜥蜴(日版)(碟1)
Oogami Ichirou Funtou-ki - Sakura Taisen Kayou Show Beni Tokage yori (Japan) (Disc 2),大神一郎奋斗记-樱花大战歌谣-红蜥蜴(日版)(碟2)
Orange Pocket - Cornet (Japan),橘色口袋-Cornet(日版)
Ouka Houshin - Ouka Sakishi Toki (Japan),央华封神-花开的时节(日版)
"Outtrigger (Europe) (En,Fr,De,Es)","枪战英豪(欧版)(英,法,德,西)"
Outtrigger (Japan),枪战英豪(日版)
Outtrigger (USA),枪战英豪(美版)
POD - Speedzone (USA),POD-极速地带(美版)
POD 2 - Multiplayer Online (Europe),POD2-多玩家在线(欧版)
Pachi-Slot Teiou - Dream Slot - Heiwa SP (Japan),弹珠英雄-梦想弹珠-和平SP(日版)
Pachi-Slot Teiou - Dream Slot - Olympia SP (Japan),弹珠英雄-梦想弹珠-奥林匹亚SP(日版)
Pachinko no Dendou - CR Nanasy (Japan),柏青哥殿堂-CR纳纳西(日版)
Pandora no Yume (Japan),潘多拉之梦(日版)
"Panzer Front (Japan) (En,Ja)","钢铁前线(日版)(英,日)"
Patissier na Nyanko - Hatsukoi wa Ichigo Aji (Japan),猫猫西点师-草莓口味的初恋(日版)
"PenPen (Europe) (En,Fr,De,Es,It,Nl)","企鹅(欧版)(英,法,德,西,意,荷)"
PenPen TriIcelon (Japan) (Rev A),冰上企鹅(日版)(版本A)
PenPen TriIcelon (USA),冰上企鹅(美版)
"Phantasy Star Online (Europe) (En,Ja,Fr,De,Es) (Rev 1)","梦幻之星在线(欧版)(英,日,法,德,西)(版本1)"
"Phantasy Star Online (Japan) (En,Ja,Fr,De,Es)","梦幻之星在线(日版)(英,日,法,德,西)"
"Phantasy Star Online (USA) (En,Ja,Fr,De,Es) (Rev B)","梦幻之星在线(美版)(英,日,法,德,西)(版本B)"
"Phantasy Star Online Ver. 2 (Europe) (En,Ja,Fr,De,Es)","梦幻之星在线-V2(欧版)(英,日,法,德,西)"
"Phantasy Star Online Ver. 2 (Japan) (En,Ja,Fr,De,Es)","梦幻之星在线-V2(日版)(英,日,法,德,西)"
"Phantasy Star Online Ver. 2 (USA) (En,Ja,Fr,De,Es)","梦幻之星在线-V2(美版)(英,日,法,德,西)"
Pia Carrot e Youkoso!! 2.5 (Japan) (Disc 1) (Pia Carrot e Youkoso!! 2),快餐店之恋2.5(日版)(碟1)
Pia Carrot e Youkoso!! 2.5 (Japan) (Disc 2) (Pia Carrot e Youkoso!! 2.2),快餐店之恋2.5(日版)(碟2)
Pia Carrot e Youkoso!! 3 (Japan),快餐店之恋3(日版)
Pizzicato Polka - Ensa Gen'ya (Japan),旋律之诗-演绎屋(日版)
"Planet Ring (Europe) (En,Fr,De,Es)","行星小子(欧版)(英,法,德,西)"
Plasma Sword - Nightmare of Bilstein (Europe),星际斗士-比尔斯坦的噩梦(欧版)
Plasma Sword - Nightmare of Bilstein (USA),星际斗士-比尔斯坦的噩梦(美版)
Plus Plumb (Japan),天坪彩球(日版)
"Pocke-Kano - Yumi, Shizuka, Fumio (Japan)",口袋恋人-由美&静香&史绪(日版)
Pop'n Music (Japan),流行音乐(日版)
Pop'n Music 2 (Japan),流行音乐2(日版)
Pop'n Music 3 - Append Disc (Japan),流行音乐3(日版)
Pop'n Music 4 - Append Disc (Japan),流行音乐4(日版)
Power Jet Racing 2001 (Japan),水上摩托艇2001(日版)
Power Smash - Sega Professional Tennis (Japan),威力网球(日版)
Power Smash 2 - Sega Professional Tennis (Japan),威力网球2(日版)
Power Stone (Europe),能量宝石(欧版)
Power Stone (Japan),能量宝石(日版)
Power Stone (USA),能量宝石(美版)
Power Stone 2 (Europe),能量宝石2(欧版)
Power Stone 2 (Japan),能量宝石2(日版)
Power Stone 2 (USA),能量宝石2(美版)
Prince of Persia - Arabian Nights (USA),波斯王子-阿拉伯之夜(美版)
Princess Holiday - Korogaru Ringo Tei Sen'ya Ichiya (Japan),公主假日-滚动苹果铁路站一番馆(日版)
Princess Maker Collection (Japan),美少女梦工厂-精选集(日版)
Prism Heart (Japan),彩虹之心(日版)
Prism Heart - Gaiden Disc - Ken ni Kometa Omoi (Japan),彩虹之心外传-剑之想(日版)
Prismaticallization (Japan),虹色之恋(日版)
Pro Mahjong Kiwame D (Japan),究极麻雀-极D(日版)
Pro Pinball Trilogy (Europe),弹珠台三部曲(欧版)
Pro Yakyuu Team de Asobou Net! (Japan) (Rev A),创造职业棒球队Net(日版)(版本A)
Pro Yakyuu Team de Asobou! (Japan),创造职业棒球队(日版)
Pro Yakyuu Team o Tsukurou! & Asobou! (Japan),职业棒球竞技场&Asobou(日版)
Pro Yakyuu Team o Tsukurou! (Japan) (Rev B),职业棒球竞技场(日版)(版本B)
Pro Yakyuu Team o Tsukurou! (Japan) (Rev E),职业棒球竞技场(日版)(版本E)
Project Justice (USA),私立正义学院(美版)
Project Justice - Rival Schools 2 (Europe),私立正义学院2(欧版)
Psychic Force 2012 (Europe),超能力格斗2012(欧版)
Psychic Force 2012 (Japan),超能力格斗2012(日版)
Psychic Force 2012 (USA),超能力格斗2012(美版)
Psyvariar 2 - The Will to Fabricate (Japan),弹幕装甲2-虚构之未来(日版)
Puyo Puyo Da! Featuring Ellena System (Japan),劲舞魔法气泡(日版)
"Puyo Puyo Fever (Japan) (En,Ja)","噗哟噗哟-狂热(日版)(英,日)"
Puyo Puyoon (Japan),噗哟噗哟(日版)
Puzzle Bobble 4 (Japan),泡泡龙4(日版)
Q-bert (USA),立体跳方块(美版)
"Quake III - Arena (Europe) (En,Fr,De,Es)","雷神之锤3-竞技场(欧版)(英,法,德,西)"
Quake III - Arena (USA),雷神之锤3-竞技场(美版)
Qui Veut Gagner des Millions (France),谁想成为百万富翁(法国)
Quiz Aa Megami-sama - Tatakau Tsubasa to Tomoni (Japan),我的女神-战斗之翼(日版)
"Racing Simulation - Monaco Grand Prix (Europe) (En,Fr,De,Es,It)","模拟赛车2-摩纳哥大奖赛(欧版)(英,法,德,西,意)"
Racing Simulation 2 - Monaco Grand Prix On-Line (Europe),模拟赛车2-摩纳哥大奖赛-在线版(欧版)
Radirgy (Japan),电波少年(日版)
"Railroad Tycoon II (Europe) (En,Fr,De)","铁路大亨2(欧版)(英,法,德)"
Railroad Tycoon II (USA),铁路大亨2(美版)
Rainbow Cotton (Japan),棉花小魔女(日版)
Rayman - Kaizokusen kara no Dasshutsu! (Japan),雷曼-逃离海盗船(日版)
"Rayman 2 - The Great Escape (Europe) (En,Fr,De,Es,It)","雷曼2-胜利大逃亡(欧版)(英,法,德,西,意)"
"Rayman 2 - The Great Escape (USA) (En,Fr,De,Es,It)","雷曼2-胜利大逃亡(美版)(英,法,德,西,意)"
Razor Freestyle Scooter (USA),Razor自由式滑板车(美版)
"Re-Volt (Europe) (En,Fr,De,Es,It)","遥控小赛车(欧版)(英,法,德,西,意)"
Re-Volt (Japan),遥控小赛车(日版)
Re-Volt (USA),遥控小赛车(美版)
"Ready 2 Rumble Boxing (Europe) (En,Fr,De)","爆笑拳击(欧版)(英,法,德)"
Ready 2 Rumble Boxing (UK),爆笑拳击(英版)
Ready 2 Rumble Boxing (USA),爆笑拳击(美版)
Ready 2 Rumble Boxing (USA) (RE),爆笑拳击(美版)(RE)
"Ready 2 Rumble Boxing - Round 2 (Europe) (En,Fr,De)","爆笑拳击-第2回合(欧版)(英,法,德)"
"Ready 2 Rumble Boxing - Round 2 (USA) (En,Fr,De)","爆笑拳击-第2回合(美版)(英,法,德)"
"Ready 2 Rumble Boxing - Uchikome Warai no Megaton Punch!! (Japan) (En,Ja,Fr,De)","爆笑拳击-打入笑声的兆吨重拳(日版)(英,日,法,德)"
Record of Lodoss War (Europe),罗德岛战记(欧版)
Record of Lodoss War (France),罗德岛战记(法国)
Record of Lodoss War (Germany),罗德岛战记(德国)
Record of Lodoss War (USA),罗德岛战记(美版)
Record of Lodoss War - The Advent of Cardice (Japan),罗德岛战记-邪神降临(日版)
Record of Lodoss War - The Advent of Cardice (Japan) (Rev A),罗德岛战记-邪神降临(日版)(版本A)
"Red Dog - Superior Firepower (Europe) (En,Fr,De,Es)","红狗-超级火力(欧版)(英,法,德,西)"
Red Dog - Superior Firepower (USA),红狗-超级火力(美版)
Redline Racer (Japan),极速机车赛(日版)
Reel Fishing + Wild (USA),真实野外钓鱼(美版)
Ren'ai Chu! Happy Perfect (Japan),恋爱循环-幸福完美(日版)
Rent a Hero No. 1 (Japan),出租英雄(日版)
Resident Evil - Code - Veronica (Europe) (Disc 1),生化危机-代号-维罗妮卡(欧版)(碟1)
Resident Evil - Code - Veronica (Europe) (Disc 2),生化危机-代号-维罗妮卡(欧版)(碟2)
Resident Evil - Code - Veronica (France) (Disc 1),生化危机-代号-维罗妮卡(法国)(碟1)
Resident Evil - Code - Veronica (France) (Disc 2),生化危机-代号-维罗妮卡(法国)(碟2)
Resident Evil - Code - Veronica (Germany) (Disc 1),生化危机-代号-维罗妮卡(德国)(碟1)
Resident Evil - Code - Veronica (Germany) (Disc 2),生化危机-代号-维罗妮卡(德国)(碟2)
Resident Evil - Code - Veronica (Spain) (Disc 1),生化危机-代号-维罗妮卡(西班牙)(碟1)
Resident Evil - Code - Veronica (Spain) (Disc 2),生化危机-代号-维罗妮卡(西班牙)(碟2)
Resident Evil - Code - Veronica (USA) (Disc 1),生化危机-代号-维罗妮卡(美版)(碟1)
Resident Evil - Code - Veronica (USA) (Disc 2),生化危机-代号-维罗妮卡(美版)(碟2)
"Resident Evil 2 (Europe) (En,Fr) (Disc 1)","生化危机2(欧版)(英,法)(碟1)"
"Resident Evil 2 (Europe) (En,Fr) (Disc 2)","生化危机2(欧版)(英,法)(碟2)"
Resident Evil 2 (USA) (Disc 1),生化危机2(美版)(碟1)
Resident Evil 2 (USA) (Disc 2),生化危机2(美版)(碟2)
Resident Evil 3 - Nemesis (Europe),生化危机3-复仇女神(欧版)
"Resident Evil 3 - Nemesis (Europe) (Fr,Es)","生化危机3-复仇女神(欧版)(法,西)"
Resident Evil 3 - Nemesis (Germany),生化危机3-复仇女神(德国)
Resident Evil 3 - Nemesis (USA),生化危机3-复仇女神(美版)
Revive... - Sosei (Japan),苏生(日版)
"Rez (Europe) (En,Ja,Fr,De,Es,It)","解禁(欧版)(英,日,法,德,西,意)"
"Rez (Japan) (En,Ja,Fr,De,Es,It)","解禁(日版)(英,日,法,德,西,意)"
"Ring, The (Japan)",午夜凶铃(日版)
"Ring, The - Terror's Realm (USA)",午夜凶铃(美版)
Rippin' Riders (USA),终极滑雪运动(美版)
"Roadsters (Europe) (En,Fr,De,Es,It,Nl)","敞篷跑车大赛(欧版)(英,法,德,西,意,荷)"
Roadsters (USA),敞篷跑车大赛(美版)
Roommania 203 (Japan),房间狂热者203(日版)
Roommate Asami - Okusama wa Joshikousei - Director's Edition (Japan),同居情事-麻美(日版)
Roommate Novel - Satou Yuka (Japan),同居情事-佐藤由香(日版)
Run=Dim as Black Soul (Japan),机甲王-暗之魂(日版)
Rune Caster (Japan),怪兽魔法师(日版)
Rune Jade (Japan),翡翠战记(日版)
SGGG - Segagaga (Japan),SGGG-世嘉嘉嘉(日版)
SGGG - Segagaga (Japan) (Rev A),SGGG-世嘉嘉嘉(日版)(版本A)
Saka Tsuku Tokudai-gou - J.League Pro Soccer Club o Tsukurou! (Japan),J联盟创造球会特大号(日版)
Saka Tsuku Tokudai-gou - J.League Pro Soccer Club o Tsukurou! (Japan) (Rev A),J联盟创造球会特大号(日版)(版本A)
Saka Tsuku Tokudai-gou 2 - J.League Pro Soccer Club o Tsukurou! (Japan),J联盟创造球会特大号2(日版)
Sakura Momoko Gekijou - Coji-Coji (Japan),樱桃小丸子剧场-巧巧(日版)
Sakura Taisen (Japan) (Disc 1),樱花大战(日版)(碟1)
Sakura Taisen (Japan) (Disc 2),樱花大战(日版)(碟2)
Sakura Taisen (Japan) (Disc 2) (Rev A),樱花大战(日版)(碟2)(版本A)
Sakura Taisen - Hanagumi Taisen Columns 2 (Japan),樱花大战-花组对战方块2(日版)
"Sakura Taisen 2 - Kimi, Shinitamou Koto Nakare (Japan) (Disc 1)",樱花大战2-愿君平安(日版)(碟1)
"Sakura Taisen 2 - Kimi, Shinitamou Koto Nakare (Japan) (Disc 1) (Rev A)",樱花大战2-愿君平安(日版)(碟1)(版本A)
"Sakura Taisen 2 - Kimi, Shinitamou Koto Nakare (Japan) (Disc 2)",樱花大战2-愿君平安(日版)(碟2)
"Sakura Taisen 2 - Kimi, Shinitamou Koto Nakare (Japan) (Disc 2) (Rev A)",樱花大战2-愿君平安(日版)(碟2)(版本A)
"Sakura Taisen 2 - Kimi, Shinitamou Koto Nakare (Japan) (Disc 3)",樱花大战2-愿君平安(日版)(碟3)
"Sakura Taisen 2 - Kimi, Shinitamou Koto Nakare (Japan) (Disc 3) (Rev A)",樱花大战2-愿君平安(日版)(碟3)(版本A)
Sakura Taisen 3 - Paris wa Moeteiru ka (Japan) (Disc 1),樱花大战3-巴黎在燃烧吗(日版)(碟1)
Sakura Taisen 3 - Paris wa Moeteiru ka (Japan) (Disc 2),樱花大战3-巴黎在燃烧吗(日版)(碟2)
Sakura Taisen 3 - Paris wa Moeteiru ka (Japan) (Disc 3),樱花大战3-巴黎在燃烧吗(日版)(碟3)
Sakura Taisen 4 - Koi seyo Otome (Japan),樱花大战4-恋爱吧少女(日版)
Sakura Taisen Online - Paris no Yuuga na Hibi (Japan),樱花大战在线-巴黎在燃烧吗(日版)
Sakura Taisen Online - Teito no Nagai Hibi (Japan),樱花大战在线-帝都漫长的一天(日版)
Samba de Amigo (Europe),欢乐森巴(欧版)
Samba de Amigo (Japan),欢乐森巴(日版)
Samba de Amigo (USA),欢乐森巴(美版)
Samba de Amigo Ver. 2000 (Japan),欢乐森巴2000(日版)
"San Francisco Rush 2049 (Europe) (En,Fr,De,Es,It,Nl)","旧金山狂飙2049(欧版)(英,法,德,西,意,荷)"
"San Francisco Rush 2049 (USA) (En,Fr,De,Es,It,Nl)","旧金山狂飙2049(美版)(英,法,德,西,意,荷)"
Sangokushi VI (Japan),三国志6(日版)
Sangokushi VI with Power-Up Kit (Japan),三国志6-威力加强版(日版)
Seaman (USA),人面鱼(美版)
Sega Bass Fishing (Europe),世嘉巴斯钓鱼(欧版)
Sega Bass Fishing (USA),世嘉巴斯钓鱼(美版)
Sega Bass Fishing 2 (USA),世嘉巴斯钓鱼2(美版)
"Sega Extreme Sports (Europe) (En,Fr,De,Es)","世嘉极限运动会(欧版)(英,法,德,西)"
Sega Extreme Sports (Japan),世嘉极限运动会(日版)
"Sega GT (Europe) (En,Fr,De,Es)","世嘉GT(欧版)(英,法,德,西)"
Sega GT (USA),世嘉GT(美版)
Sega GT - Homologation Special (Japan),世嘉GT-特别认证版(日版)
Sega Marine Fishing (Japan),世嘉深海钓鱼(日版)
Sega Marine Fishing (USA),世嘉深海钓鱼(美版)
Sega Rally 2 (Europe),世嘉拉力-进化2(欧版)
Sega Rally 2 (Europe) (Rev 1),世嘉拉力-进化2(欧版)(版本1)
Sega Rally 2 (Japan),世嘉拉力-进化2(日版)
Sega Rally 2 (Japan) (Alt),世嘉拉力-进化2(日版)(替代)
Sega Rally 2 (USA),世嘉拉力-进化2(美版)
Sega Smash Pack - Volume 1 (USA),世嘉经典合集-卷1(美版)
Sega Tetris (Japan) (Rev A),世嘉方块(日版)(版本A)
"Sega Worldwide Soccer 2000 (Europe) (En,Fr,De,Es)","世嘉全球足球2000(欧版)(英,法,德,西)"
"Sega Worldwide Soccer 2000 - Euro Edition (Europe) (En,Fr,De,Es)","世嘉全球足球2000-欧洲杯版(欧版)(英,法,德,西)"
Seireiki Rayblade (Japan),圣灵机(日版)
Seitai Heiki Expendable (Japan),生化兵器(日版)
Sekai Fushigi Hakken! Troia (Japan),世界惊奇发现-公元前1186年神秘冒险(日版)
Sengoku Turb (Japan),战国TURB(日版)
Sengoku Turb - Fanfan I Love Me Dunce-doublentendre (Japan),战国TURB-爱自己(日版)
Sentimental Graffiti - Yakusoku (Japan),青涩之恋-约定(日版)
Sentimental Graffiti 2 (Japan) (Disc 1),青涩之恋2(日版)(碟1)
Sentimental Graffiti 2 (Japan) (Disc 2),青涩之恋2(日版)(碟2)
Seventh Cross (Japan),第七异变(日版)
Seventh Cross Evolution (USA),第七异变-进化(美版)
"Shadow Man (Europe) (En,Fr,Es,It)","影子武士(欧版)(英,法,西,意)"
Shadow Man (Germany),影子武士(德国)
Shadow Man (USA),影子武士(美版)
Shadow Man (USA) (Rev A),影子武士(美版)(版本A)
Shanghai - Dynasty (Japan),上海-Dynasty(日版)
"Shenmue (Europe) (En,Fr,De,Es) (Disc 1)","莎木(欧版)(英,法,德,西)(碟1)"
"Shenmue (Europe) (En,Fr,De,Es) (Disc 2)","莎木(欧版)(英,法,德,西)(碟2)"
"Shenmue (Europe) (En,Fr,De,Es) (Disc 3)","莎木(欧版)(英,法,德,西)(碟3)"
Shenmue (USA) (Disc 1),莎木(美版)(碟1)
Shenmue (USA) (Disc 2),莎木(美版)(碟2)
Shenmue (USA) (Disc 3),莎木(美版)(碟3)
Shenmue - Ichishou Yokosuka (Japan) (Disc 1),莎木-横须贺(日版)(碟1)
Shenmue - Ichishou Yokosuka (Japan) (Disc 2),莎木-横须贺(日版)(碟2)
Shenmue - Ichishou Yokosuka (Japan) (Disc 3),莎木-横须贺(日版)(碟3)
"Shenmue II (Europe) (En,Fr,De,Es) (Disc 1)","莎木2(欧版)(英,法,德,西)(碟1)"
"Shenmue II (Europe) (En,Fr,De,Es) (Disc 2)","莎木2(欧版)(英,法,德,西)(碟2)"
"Shenmue II (Europe) (En,Fr,De,Es) (Disc 3)","莎木2(欧版)(英,法,德,西)(碟3)"
"Shenmue II (Europe) (En,Fr,De,Es) (Disc 4)","莎木2(欧版)(英,法,德,西)(碟4)"
Shenmue II (Japan) (Disc 1),莎木2(日版)(碟1)
Shenmue II (Japan) (Disc 2),莎木2(日版)(碟2)
Shenmue II (Japan) (Disc 3),莎木2(日版)(碟3)
Shenmue II (Japan) (Disc 4),莎木2(日版)(碟4)
Shikigami no Shiro II (Japan),式神之城2(日版)
Shin Honkaku Hanafuda (Japan),真本格花札(日版)
Shin Nihon Pro Wrestling - Toukon Retsuden 4 (Japan),新日本职业摔跤-斗魂烈传4(日版)
Shin Seiki Evangelion - Ayanami Ikusei Keikaku (Japan),新世纪福音战士-凌波丽育成计划(日版)
Shin Seiki Evangelion - Typing E Keikaku (Japan),新世纪福音战士-打字E计划(日版)
Shin Seiki Evangelion - Typing Hokan Keikaku (Japan),新世纪福音战士-打字补完计划(日版)
Shinki Sekai Evolution (Japan),神机世界-进化(日版)
Shinki Sekai Evolution 2 - Tooi Yakusoku (Japan),神机世界-进化2(日版)
"Shinri Game, The (Japan)",心理游戏(日版)
Shirotsumesouwa - Episode of the Clovers (Japan),白诘草话-三叶草之章(日版)
Shutokou Battle (Japan),首都高赛车(日版)
Shutokou Battle 2 (Japan),首都高赛车2(日版)
"Silent Scope (Europe) (En,Fr,De,Es,It)","沉默的狙击手(欧版)(英,法,德,西,意)"
Silent Scope (Japan),沉默的狙击手(日版)
Silent Scope (USA),沉默的狙击手(美版)
"Silver (Europe) (En,Nl)","银色骑士(欧版)(英,荷)"
"Silver (France) (Fr,It,Pt)","银色骑士(法国)(法,意,葡)"
Silver (Germany),银色骑士(德国)
Silver (Spain),银色骑士(西班牙)
Silver (USA),银色骑士(美版)
Simple 2000 Series DC Vol. 01 - Bittersweet Fools - The Ren'ai Adventure (Japan),简单2000系列-卷01-喜忧参半的傻瓜(日版)
Simple 2000 Series DC Vol. 02 - Natsuiro Celebration - The Ren'ai Simulation (Japan),简单2000系列-卷02-夏色祭(日版)
Simple 2000 Series DC Vol. 03 - Fureai - The Ren'ai Simulation (Japan),简单2000系列-卷03-Fureai(日版)
Simple 2000 Series DC Vol. 04 - Okaeri! The Ren'ai Adventure (Japan),简单2000系列-卷04-欢迎回来(日版)
Sister Princess - Premium Edition (Japan) (Disc 1),妹妹公主-白金版(日版)(碟1)
Sister Princess - Premium Edition (Japan) (Disc 2),妹妹公主-白金版(日版)(碟2)
"Skies of Arcadia (Europe) (En,Fr,De,Es) (Disc 1)","永恒的阿卡迪亚(欧版)(英,法,德,西)(碟1)"
"Skies of Arcadia (Europe) (En,Fr,De,Es) (Disc 2)","永恒的阿卡迪亚(欧版)(英,法,德,西)(碟2)"
Skies of Arcadia (USA) (Disc 1),永恒的阿卡迪亚(美版)(碟1)
Skies of Arcadia (USA) (Disc 2),永恒的阿卡迪亚(美版)(碟2)
"Slave Zero (Europe) (En,Fr,De,Es,It)","零号奴隶(欧版)(英,法,德,西,意)"
Slave Zero (USA),零号奴隶(美版)
Slave Zero (USA) (Rev A),零号奴隶(美版)(版本A)
"SnoCross Championship Racing (Europe) (En,Fr,De)","雪地机车冠军赛(欧版)(英,法,德)"
SnoCross Championship Racing (USA),雪地机车冠军赛(美版)
Snow (Japan),雪(日版)
Snow Surfers (Europe),滑雪运动(欧版)
Soldier of Fortune (Europe),命运战士(欧版)
Soldier of Fortune (USA),命运战士(美版)
"Sonic Adventure (Europe) (En,Ja,Fr,De,Es)","索尼克冒险(欧版)(英,日,法,德,西)"
Sonic Adventure (Japan),索尼克冒险(日版)
Sonic Adventure (USA),索尼克冒险(美版)
"Sonic Adventure (USA) (En,Ja,Fr,De,Es) (Rev A)","索尼克冒险(美版)(英,日,法,德,西)(版本A)"
Sonic Adventure - Limited Edition (USA),索尼克冒险-限制版(美版)
"Sonic Adventure 2 (Europe) (En,Ja,Fr,De,Es)","索尼克冒险2(欧版)(英,日,法,德,西)"
"Sonic Adventure 2 (Japan) (En,Ja,Fr,De,Es)","索尼克冒险2(日版)(英,日,法,德,西)"
"Sonic Adventure 2 (USA) (En,Ja,Fr,De,Es)","索尼克冒险2(美版)(英,日,法,德,西)"
"Sonic Adventure International (Japan) (En,Ja,Fr,De,Es)","索尼克冒险-国际版(日版)(英,日,法,德,西)"
"Sonic Shuffle (Europe) (En,Fr,De,Es)","索尼克棋牌(欧版)(英,法,德,西)"
Sonic Shuffle (Japan),索尼克棋牌(日版)
Sonic Shuffle (USA),索尼克棋牌(美版)
Sorcerian - Shichisei Mahou no Shito (Japan),七星魔法使(日版)
Soukou no Kihei - Space Griffon (Japan),装甲骑兵-太空狮鹫(日版)
Soul Fighter (Europe),魂战士(欧版)
Soul Fighter (USA),魂战士(美版)
"Soulcalibur (Europe) (En,Fr,De,Es)","灵魂能力(欧版)(英,法,德,西)"
Soulcalibur (Japan),灵魂能力(日版)
Soulcalibur (USA),灵魂能力(美版)
South Park - Chef's Luv Shack (Europe),南方公园-厨师的爱心小屋(欧版)
South Park - Chef's Luv Shack (USA),南方公园-厨师的爱心小屋(美版)
"South Park Rally (Europe) (En,Fr,De,Es)","南方公园拉力赛(欧版)(英,法,德,西)"
South Park Rally (USA),南方公园拉力赛(美版)
"Space Channel 5 (Europe) (En,Fr,De,Es)","太空频道5(欧版)(英,法,德,西)"
Space Channel 5 (Japan),太空频道5(日版)
Space Channel 5 (USA),太空频道5(美版)
Space Channel 5 Part 2 (Japan),太空频道5-Part2(日版)
Spawn - In the Demon's Hand (Europe),再生侠-恶魔之手(欧版)
Spawn - In the Demon's Hand (Japan),再生侠-恶魔之手(日版)
Spawn - In the Demon's Hand (USA),再生侠-恶魔之手(美版)
"Spec Ops II - Omega Squad (Europe) (En,Fr,De,Es,It)","特种部队2-欧米枷小队(欧版)(英,法,德,西,意)"
Spec Ops II - Omega Squad (USA),特种部队2-欧米枷小队(美版)
"Speed Devils (Europe) (En,Fr,De,Es,It)","狂飙魔鬼(欧版)(英,法,德,西,意)"
Speed Devils (Japan),狂飙魔鬼(日版)
Speed Devils (USA),狂飙魔鬼(美版)
Speed Devils - Online Racing (Europe),狂飙魔鬼-在线赛车(欧版)
Speed Devils - Online Racing (USA),狂飙魔鬼-在线赛车(美版)
Spider-Man (Europe),蜘蛛侠(欧版)
Spider-Man (USA),蜘蛛侠(美版)
"Spirit of Speed 1937 (Europe) (En,Fr,De,Es)","竞速之魂1937(欧版)(英,法,德,西)"
Spirit of Speed 1937 (Japan),竞速之魂1937(日版)
"Spirit of Speed 1937 (USA) (En,Fr,De,Es)","竞速之魂1937(美版)(英,法,德,西)"
Sports Jam (Japan),运动大竞技(日版)
Sports Jam (USA),运动大竞技(美版)
Star Gladiator 2 - Nightmare of Bilstein (Japan),星际斗士2-比尔斯坦的噩梦(日版)
Star Wars - Demolition (Europe),星球大战-激战(欧版)
Star Wars - Demolition (USA),星球大战-激战(美版)
Star Wars - Episode I - Jedi Power Battles (Europe),星球大战前传-绝地原力(欧版)
Star Wars - Episode I - Jedi Power Battles (USA),星球大战前传-绝地原力(美版)
Star Wars - Episode I - Racer (Europe),星球大战-前传-竞速赛车(欧版)
Star Wars - Episode I - Racer (USA),星球大战-前传-竞速赛车(美版)
StarLancer (Europe),星际枪骑兵(欧版)
StarLancer (USA),星际枪骑兵(美版)
Street Fighter Alpha 3 (Europe),少年街霸3(欧版)
Street Fighter Alpha 3 (USA),少年街霸3(美版)
Street Fighter III - 3rd Strike (Europe),街头霸王3-第三次冲击(欧版)
Street Fighter III - 3rd Strike (USA),街头霸王3-第三次冲击(美版)
Street Fighter III - 3rd Strike - Fight for the Future (Japan),街头霸王3-第三次冲击-为未来而战(日版)
Street Fighter III - Double Impact (Europe),街头霸王3-双重冲击(欧版)
Street Fighter III - Double Impact (USA),街头霸王3-双重冲击(美版)
Street Fighter III - W Impact (Japan),街头霸王3-WImpact(日版)
Street Fighter Zero 3 - Saikyo-ryu Dojo (Japan),街头霸王Zero3-最强道场(日版)
Street Fighter Zero 3 - Saikyo-ryu Dojo for Matching Service (Japan),街头霸王Zero3-最强道场-通信对战(日版)
Striker Pro 2000 (USA),射手2000(美版)
"Stunt GP (Europe) (En,Fr,De,Es,It,Nl,Sv)","特技GP赛车(欧版)(英,法,德,西,意,荷,瑞)"
"Stupid Invaders (Europe) (En,Fr,De,It) (Disc 1)","傻瓜入侵者(欧版)(英,法,德,意)(碟1)"
"Stupid Invaders (Europe) (En,Fr,De,It) (Disc 2)","傻瓜入侵者(欧版)(英,法,德,意)(碟2)"
Stupid Invaders (France) (Disc 1),傻瓜入侵者(法国)(碟1)
Stupid Invaders (France) (Disc 2),傻瓜入侵者(法国)(碟2)
Stupid Invaders (USA) (Disc 1),傻瓜入侵者(美版)(碟1)
Stupid Invaders (USA) (Disc 2),傻瓜入侵者(美版)(碟2)
Suigetsu - Mayoigokoro (Japan) (Disc 1),水月-迷心(日版)(碟1)
Suigetsu - Mayoigokoro (Japan) (Disc 2),水月-迷心(日版)(碟2)
Suika (Japan),水夏(日版)
Sunrise Eiyuutan (Japan),机甲英雄坛(日版)
Super Euro Soccer 2000 (Japan),超级欧洲足球2000(日版)
"Super Magnetic Neo (Europe) (En,Fr,De)","电磁小子(欧版)(英,法,德)"
Super Magnetic Neo (USA),电磁小子(美版)
Super Magnetic Niuniu (Japan),电磁小子(日版)
Super Producers - Mezase Show Biz Kai (Japan),超级制作人(日版)
Super Puzzle Fighter II X for Matching Service (Japan),街霸方块-通信对战(日版)
Super Robot Taisen Alpha (Japan),超级机器人大战Alpha(日版)
Super Runabout (Japan),超级秘宝赛车(日版)
Super Runabout (Japan) (Rev A),超级秘宝赛车(日版)(版本A)
Super Runabout - San Francisco Edition (Europe),超级秘宝赛车-旧金山版(欧版)
Super Runabout - San Francisco Edition (Japan),超级秘宝赛车-旧金山版(日版)
Super Runabout - San Francisco Edition (USA),超级秘宝赛车-旧金山版(美版)
Super Speed Racing (Japan),超级方程式赛车(日版)
Super Street Fighter II X for Matching Service (Japan),超级街霸2X(日版)
Surf Rocket Racers (Europe),水上摩托车大赛(欧版)
Surf Rocket Racers (USA),水上摩托车大赛(美版)
"Suzuki Alstare - Extreme Racing (Europe) (En,Fr,De,Es,It)","铃木摩托车赛-极限赛车(欧版)(英,法,德,西,意)"
Suzuki Alstare - Extreme Racing (USA),铃木摩托车赛-极限赛车(美版)
Sweet Season (Japan),甜蜜季节(日版)
Sword of the Berserk - Guts' Rage (Europe),剑风传奇-暴怒之力(欧版)
Sword of the Berserk - Guts' Rage (USA),剑风传奇-暴怒之力(美版)
Sydney 2000 (Australia),悉尼2000(澳版)
Sydney 2000 (Europe),悉尼2000(欧版)
Sydney 2000 (France),悉尼2000(法国)
Sydney 2000 (Germany),悉尼2000(德国)
Sydney 2000 (Italy),悉尼2000(意大利)
Sydney 2000 (Japan),悉尼2000(日版)
Sydney 2000 (Spain),悉尼2000(西班牙)
Sydney 2000 (USA),悉尼2000(美版)
TNN Motorsports Hardcore Heat (USA),火热越野大赛车(美版)
Taisen Net Gimmick - Capcom & Psikyo All Stars (Japan),卡普空对战彩京-全明星麻雀(日版)
Tako no Marine (Japan),香渍章鱼(日版)
Tamakyuu (Japan),玉响(日版)
Tanaka Torahiko no Ultra-ryuu Shougi - Ibisha Anaguma-hen (Japan),田中寅彦之寅流将棋-居飞车穴熊编(日版)
Tantei Shinshi Dash! (Japan),侦探绅士(日版)
Tantei Shinshi Dash! (Japan) (Rev A),侦探绅士(日版)(版本A)
Taxi 2 - Le Jeu (France),出租车2-游戏(法国)
Tech Romancer (Europe),超钢战记(欧版)
Tech Romancer (USA),超钢战记(美版)
Tee Off (Europe),高尔夫大进击(欧版)
Tee Off (USA),高尔夫大进击(美版)
"Tennis 2K2 (USA) (En,Ja,Fr,De,Es) (Rev A)","网球2K2(美版)(英,日,法,德,西)(版本A)"
"Tenohira o, Taiyou ni (Japan)",向着太阳伸手(日版)
Tentama - 1st Sunny Side (Japan),见习天使-第一日(日版)
Test Drive 6 (USA),无限试驾6(美版)
"Test Drive Le Mans (USA) (En,Fr,Es)","新手上路(美版)(英,法,西)"
"Test Drive V-Rally (USA) (En,Fr,De)","试驾拉力赛(美版)(英,法,德)"
Tetris 4D (Japan),方块4D(日版)
"Time Stalkers (Europe) (En,Fr,De,Es)","光明与黑暗(欧版)(英,法,德,西)"
Time Stalkers (USA),光明与黑暗(美版)
Tokusatsu Bouken Katsugeki Super Hero Retsuden (Japan),超级英雄列传(日版)
Tokyo Bus Guide (Japan),东京巴士案内(日版)
Tokyo Bus Guide (Japan) (Rev A),东京巴士案内(日版)(版本A)
Tokyo Highway Challenge (Europe),首都高赛车(欧版)
Tokyo Highway Challenge 2 (Europe),首都高赛车2(欧版)
Tokyo Xtreme Racer (USA),首都高赛车(美版)
Tokyo Xtreme Racer 2 (USA),首都高赛车2(美版)
Tom Clancy's Rainbow Six - Rogue Spear + Mission Pack - Urban Operations (Europe),彩虹六号雷霆战警资料片-特警迷城(欧版)
Tom Clancy's Rainbow Six - Rogue Spear + Mission Pack - Urban Operations (France),彩虹六号雷霆战警资料片-特警迷城(法国)
Tom Clancy's Rainbow Six - Rogue Spear + Mission Pack - Urban Operations (Germany),彩虹六号雷霆战警资料片-特警迷城(德国)
Tom Clancy's Rainbow Six - Rogue Spear + Mission Pack - Urban Operations (USA),彩虹六号雷霆战警资料片-特警迷城(美版)
Tom Clancy's Rainbow Six incl. Eagle Watch Missions (Europe),彩虹六号-鹰眼行动(欧版)
Tom Clancy's Rainbow Six incl. Eagle Watch Missions (France),彩虹六号-鹰眼行动(法国)
Tom Clancy's Rainbow Six incl. Eagle Watch Missions (Germany),彩虹六号-鹰眼行动(德国)
Tom Clancy's Rainbow Six with Eagle Watch Missions (USA),彩虹六号-鹰眼行动(美版)
Tomb Raider - Die Chronik (Germany),古墓丽影-历代记(德国)
Tomb Raider - La Revelation Finale (France),古墓丽影-最终启示(法国)
Tomb Raider - Sur les Traces de Lara Croft (France),古墓丽影-劳拉的冒险(法国)
Tomb Raider - The Last Revelation (Europe),古墓丽影-最终启示(欧版)
Tomb Raider - The Last Revelation (Italy),古墓丽影-最终启示(意大利)
Tomb Raider - The Last Revelation (Spain),古墓丽影-最终启示(西班牙)
Tomb Raider - The Last Revelation (USA),古墓丽影-最终启示(美版)
Tomb Raider Chronicles (Europe),古墓丽影5-历代记(欧版)
Tomb Raider Chronicles (Spain),古墓丽影5-历代记(西班牙)
Tomb Raider Chronicles (USA),古墓丽影5-历代记(美版)
Tomb Raider Chronicles - La Leggenda di Lara Croft (Italy),古墓丽影5-历代记-劳拉的冒险(意大利)
Tomb Raider IV - The Last Revelation (Germany),古墓丽影5-最终启示录(德国)
Tomb Raider IV - The Last Revelation (Japan),古墓丽影5-最终启示录(日版)
Tony Hawk's Pro Skater (USA),托尼霍克职业滑板(美版)
Tony Hawk's Pro Skater 2 (Europe),托尼霍克职业滑板2(欧版)
Tony Hawk's Pro Skater 2 (Germany),托尼霍克职业滑板2(德国)
Tony Hawk's Pro Skater 2 (USA),托尼霍克职业滑板2(美版)
Tony Hawk's Skateboarding (Europe),托尼霍克职业滑板(欧版)
"Totsugeki! Teketeke!! Toy Ranger (Japan) (En,Ja,Fr,Es)","突击-玩具兵(日版)(英,日,法,西)"
"Toy Commander (Europe) (En,Fr,De,Es)","玩具总动员(欧版)(英,法,德,西)"
"Toy Commander (USA) (En,Fr,De,Es)","玩具总动员(美版)(英,法,德,西)"
"Toy Racer (Europe) (En,Fr,De,Es)","玩具总动员赛车(欧版)(英,法,德,西)"
Treasure Strike (Japan),夺宝大进击(日版)
"TrickStyle (Europe) (En,Fr,De,Es,It)","极限滑板(欧版)(英,法,德,西,意)"
TrickStyle (USA),极限滑板(美版)
Tricolore Crise (Japan),三色危机(日版)
Triggerheart Exelica (Japan),扳机之心(日版)
Trizeal (Japan),热爱射击(日版)
Tsuki wa Higashi ni Hi wa Nishi ni - Operation Sanctuary (Japan),夜月东升暮日西沉(日版)
Tsuushin Taisen Logic Battle Daisessen (Japan),通信对战-逻辑战斗大雪战(日版)
"Twinkle Star Sprites (Japan) (En,Ja,Es)","闪亮小妖精(日版)(英,日,西)"
Typing of the Date (Japan),打字约会(日版)
"Typing of the Dead, The (Japan)",死亡打字机(日版)
"Typing of the Dead, The (USA)",死亡打字机(美版)
"UEFA Dream Soccer (Europe) (En,Fr,De,Es)","UEFA梦幻足球(欧版)(英,法,德,西)"
"UEFA Dream Soccer (France) (En,Fr,De,Es)","UEFA梦幻足球(法国)(英,法,德,西)"
"UEFA Dream Soccer (Germany) (En,Fr,De,Es)","UEFA梦幻足球(德国)(英,法,德,西)"
UEFA Dream Soccer (Spain),UEFA梦幻足球(西班牙)
"UEFA Striker (Europe) (En,Fr,De,Es,It,Nl)","欧足联前锋(欧版)(英,法,德,西,意,荷)"
"US Shenmue (Japan) (En,Ja) (Disc 1)","莎木US版(日版)(英,日)(碟1)"
"US Shenmue (Japan) (En,Ja) (Disc 2)","莎木US版(日版)(英,日)(碟2)"
"US Shenmue (Japan) (En,Ja) (Disc 3)","莎木US版(日版)(英,日)(碟3)"
Ultimate Fighting Championship (Europe),终极格斗冠军赛(欧版)
Ultimate Fighting Championship (Japan),终极格斗冠军赛(日版)
Ultimate Fighting Championship (USA),终极格斗冠军赛(美版)
Under Defeat (Japan),天翔铁骑(日版)
UnderCover AD2025 Kei (Japan),潜入搜查课(日版)
Unreal Tournament (Europe),虚幻竞技场(欧版)
"Unreal Tournament (USA) (En,Fr,De,Es,It)","虚幻竞技场(美版)(英,法,德,西,意)"
"Urban Chaos (Europe) (En,Fr)","混乱都市(欧版)(英,法)"
"Urban Chaos (USA) (En,Fr)","混乱都市(美版)(英,法)"
Utau - Tumbling Dice (Japan),命运骰子(日版)
"V-Rally 2 - Expert Edition (Europe) (En,Fr,De)","拉力赛车2-穿越生死线(欧版)(英,法,德)"
Vampire Chronicle for Matching Service (Japan),恶魔战士编年史-浑沌之塔(日版)
"Vanishing Point (Europe) (En,Fr,De,Es,It)","消失点(欧版)(英,法,德,西,意)"
Vanishing Point (USA),消失点(美版)
Vermilion Desert (Japan),银砂之漠(日版)
Vigilante 8 - 2nd Battle (Japan),武装战斗车-第二次战斗(日版)
Vigilante 8 - 2nd Offense (Europe),武装战斗车-二次进攻(欧版)
Vigilante 8 - 2nd Offense (USA),武装战斗车-二次进攻(美版)
"Virtua Athlete 2000 (USA) (En,Fr,De,Es)","VR运动会2000(美版)(英,法,德,西)"
"Virtua Athlete 2K (Europe) (En,Fr,De,Es)","VR运动会2K(欧版)(英,法,德,西)"
Virtua Athlete 2K (Japan),VR运动会2K(日版)
Virtua Cop 2 (Japan),VR警察2(日版)
Virtua Fighter 3tb (Europe),VR战士3tb(欧版)
Virtua Fighter 3tb (Japan),VR战士3tb(日版)
Virtua Fighter 3tb (Japan) (Rev 1),VR战士3tb(日版)(版本1)
Virtua Fighter 3tb (USA),VR战士3tb(美版)
"Virtua Striker 2 (USA) (En,Ja,De,Es)","VR足球2(美版)(英,日,德,西)"
"Virtua Striker 2 Ver. 2000.1 (Europe) (En,Ja,Fr,De,Es)","VR足球2-Ver.2000.1(欧版)(英,日,法,德,西)"
"Virtua Striker 2 Ver. 2000.1 (Japan) (En,Ja,Fr,De,Es)","VR足球2-Ver.2000.1(日版)(英,日,法,德,西)"
Virtua Tennis (USA),VR网球(美版)
"Virtua Tennis - Sega Professional Tennis (Europe) (En,Fr,De,Es)","VR网球-世嘉专业网球(欧版)(英,法,德,西)"
"Virtua Tennis 2 - Sega Professional Tennis (Europe) (En,Fr,De,Es)","VR网球2-世嘉专业网球(欧版)(英,法,德,西)"
WWF Attitude (Europe),世界摔角联盟-恶劣态度(欧版)
WWF Attitude (Germany),世界摔角联盟-恶劣态度(德国)
WWF Attitude (USA),世界摔角联盟-恶劣态度(美版)
WWF Royal Rumble (Europe),WWF皇家摔跤(欧版)
WWF Royal Rumble (Japan),WWF皇家摔跤(日版)
WWF Royal Rumble (USA),WWF皇家摔跤(美版)
"Wacky Races (Europe) (En,Fr,De,Es,It,Nl)","疯狂赛车(欧版)(英,法,德,西,意,荷)"
Wacky Races (USA),疯狂赛车(美版)
"Walt Disney World Quest - Magical Racing Tour (Europe) (En,Fr,De,Es,It)","迪士尼主题公园赛车(欧版)(英,法,德,西,意)"
Walt Disney World Quest - Magical Racing Tour (USA),迪士尼主题公园赛车(美版)
Weakness Hero Torauman DC (Japan) (Game Disc),美少女英雄(日版)(游戏碟)
Web Mystery - Yochimu o Miru Neko (Japan) (Disc 1),网络神秘预言-梦见猫(日版)(碟1)
Web Mystery - Yochimu o Miru Neko (Japan) (Disc 2),网络神秘预言-梦见猫(日版)(碟2)
"Wetrix+ (Europe) (En,Fr,De)","水滴对对碰+(欧版)(英,法,德)"
Wetrix+ (USA),水滴对对碰+(美版)
Who Wants to Be a Millionaire (Europe),谁想成为百万富翁(欧版)
Who Wants to Beat Up a Millionaire (USA),谁想成为百万富翁(美版)
"Wild Metal (Europe) (En,Fr,De,Es,It,Pt)","激斗火战车(欧版)(英,法,德,西,意,葡)"
"Wild Metal (USA) (En,Fr,De,Es,It,Pt)","激斗火战车(美版)(英,法,德,西,意,葡)"
Wind - A Breath of Heart (Japan),心之呼吸(日版)
Winning Post 4 - Program 2000 (Japan),光荣赛马4-2000年赛事(日版)
World Neverland 2 Plus - The Waktic Republic of Pluto (Japan),幻想国物语2Plus(日版)
World Neverland Plus - The Olerud Kingdom Stories (Japan),幻想国物语Plus(日版)
World Series Baseball 2K1 (Japan),世界棒球大赛2K1(日版)
World Series Baseball 2K1 (USA),世界棒球大赛2K1(美版)
World Series Baseball 2K2 (Japan),世界棒球大赛2K2(日版)
World Series Baseball 2K2 (USA),世界棒球大赛2K2(美版)
"Worms Armageddon (Europe) (En,Fr,De,Nl,Sv,No,Da)","百战天虫-末日浩劫(欧版)(英,法,德,荷,瑞,挪,丹)"
"Worms Armageddon (USA) (En,Fr,De,Nl,Sv,No,Da)","百战天虫-末日浩劫(美版)(英,法,德,荷,瑞,挪,丹)"
"Worms World Party (Europe) (En,Fr,De,Es,It,Nl,Sv,Da)","百战天虫-世界派对(欧版)(英,法,德,西,意,荷,瑞,丹)"
"Worms World Party (USA) (En,Fr,De,Es,It,Nl,Sv,Da)","百战天虫-世界派对(美版)(英,法,德,西,意,荷,瑞,丹)"
Xtreme Sports (USA),极限运动(美版)
Yoshia no Oka de Nekoronde... (Japan),吉亚之丘(日版)
Yu Suzuki Game Works Vol. 1 (Japan),铃木裕游戏合集(日版)
Yukawa Moto Senmu no Otakara Sagashi (Japan),汤川专务的寻宝游戏(日版)
Yukigatari (Japan),雪语(日版)
Yume no Tsubasa - Fate of Heart (Japan),梦之翼-心之命运(日版)
Yuukyuu Gensoukyoku 3 - Perpetual Blue (Japan),悠久幻想曲3(日版)
Zero Gunner 2 (Japan),零式枪手2(日版)
"Zombie Revenge (Europe) (En,Ja,Fr,De,Es)","僵尸复仇(欧版)(英,日,法,德,西)"
Zombie Revenge (Japan),僵尸复仇(日版)
Zombie Revenge (Japan) (Rev A),僵尸复仇(日版)(版本A)
Zombie Revenge (USA),僵尸复仇(美版)
"Zusar Vasar (Japan) (En,Ja)","未来竞速(日版)(英,日)"
deSPIRIA (Japan),精神战记(日版)
